Date,Open,High,Low,Close,Volume,MOM,Decis_macd,Decis_ema,Decis_cci,Decis_roc,Decis_wpr,Decis_atr
2012-11-12,176.0,178.5,175.0,178.5,4505000.0,1.5,1,2,0,0,0,3
2012-11-13,177.5,178.0,176.0,177.0,3787600.0,-0.5,1,2,0,0,0,3
2012-11-14,177.0,178.5,174.0,174.5,4650000.0,-2.5,1,2,0,0,2,3
2012-11-15,174.0,175.5,172.5,174.0,4574900.0,-2.5,1,2,0,0,0,3
2012-11-16,175.0,176.0,174.0,176.0,3170600.0,-3.5,1,2,0,0,0,3
2012-11-19,177.0,177.5,176.0,176.0,1520800.0,-2.0,1,2,0,0,0,3
2012-11-20,177.0,177.5,175.0,175.5,2594100.0,-1.0,1,2,0,0,0,3
2012-11-21,175.0,176.0,174.5,176.0,2467100.0,0.0,1,2,0,0,0,3
2012-11-22,176.5,180.0,176.5,178.0,7380600.0,3.5,1,2,0,0,0,3
2012-11-23,178.0,178.5,176.5,178.5,2416800.0,3.5,1,2,2,0,0,3
2012-11-26,179.0,180.0,178.5,179.5,2545900.0,1.0,1,2,0,0,1,3
2012-11-27,180.0,181.0,179.5,180.0,4612600.0,3.0,1,2,0,0,1,3
2012-11-28,179.0,181.5,178.5,180.5,3910900.0,6.0,1,2,0,0,1,3
2012-11-29,181.0,183.0,181.0,182.0,4404000.0,8.0,1,2,0,0,1,3
2012-11-30,183.0,185.0,182.0,183.0,6486200.0,7.0,1,2,0,0,1,3
2012-12-03,184.0,184.5,182.5,183.0,3839300.0,7.0,1,2,0,0,1,3
2012-12-04,182.5,183.0,181.5,181.5,3103600.0,6.0,1,2,0,0,0,3
2012-12-06,182.0,185.0,182.0,184.5,6624500.0,8.5,1,2,2,0,1,3
2012-12-07,186.0,188.0,185.0,185.0,8974400.0,7.0,1,2,0,0,0,3
2012-12-11,187.0,190.5,187.0,190.0,13485800.0,11.5,1,2,0,0,1,3
2012-12-12,191.0,192.5,190.0,192.0,8085000.0,12.5,1,1,0,0,1,3
2012-12-13,191.0,192.5,190.5,191.5,5895500.0,11.5,1,1,0,0,1,3
2012-12-14,191.0,194.0,191.0,193.0,5602300.0,12.5,1,1,0,0,1,3
2012-12-17,194.0,196.0,193.5,194.5,4013600.0,12.5,1,1,0,0,1,3
2012-12-18,196.0,198.0,195.0,196.5,9340500.0,13.5,1,1,0,0,1,3
2012-12-19,197.5,198.5,196.5,197.0,10213800.0,14.0,1,1,2,0,1,3
2012-12-20,196.5,197.5,195.5,197.0,3834200.0,15.5,1,1,2,0,1,3
2012-12-21,197.0,199.5,196.0,197.0,7024600.0,12.5,1,1,2,0,1,3
2012-12-24,197.0,198.0,196.5,196.5,1732800.0,11.5,1,1,0,0,1,3
2012-12-25,196.0,197.0,195.5,197.0,1091300.0,7.0,1,1,0,0,1,3
2012-12-26,196.5,198.0,196.0,197.0,1569500.0,5.0,1,1,0,2,1,3
2012-12-27,196.5,198.0,196.0,197.5,2614600.0,6.0,1,1,0,0,1,3
2012-12-28,198.0,198.0,195.5,195.5,1676900.0,2.5,1,1,0,0,0,3
2013-01-02,196.5,198.0,195.5,196.0,2809900.0,1.5,2,1,0,0,0,3
2013-01-03,195.5,196.5,194.0,194.0,7519800.0,-2.5,2,1,0,0,0,3
2013-01-04,193.0,197.0,191.5,197.0,9076000.0,0.0,2,1,0,0,0,3
2013-01-07,198.0,198.5,196.5,197.5,4570800.0,0.5,2,1,2,0,0,3
2013-01-08,197.0,198.0,196.5,197.5,3313300.0,0.5,2,1,0,0,0,3
2013-01-09,198.5,199.0,195.5,196.5,5806400.0,0.0,2,1,0,0,0,3
2013-01-10,196.0,201.0,195.5,196.5,12605100.0,-0.5,2,1,2,0,0,3
2013-01-11,197.0,197.5,195.0,196.0,4216700.0,-1.0,2,1,0,0,0,3
2013-01-14,196.5,197.5,195.0,197.0,1874600.0,-0.5,2,1,0,0,0,3
2013-01-15,197.0,197.5,195.0,196.5,3363700.0,1.0,2,1,0,0,0,3
2013-01-16,197.0,197.5,195.5,195.5,3501700.0,-0.5,2,1,0,0,0,3
2013-01-17,197.0,197.0,193.0,194.5,3863900.0,0.5,2,1,0,0,0,3
2013-01-18,198.0,198.0,193.5,194.5,5198000.0,-2.5,2,1,1,0,0,3
2013-01-21,196.0,196.5,194.0,196.0,2535900.0,-1.5,2,1,0,0,0,3
2013-01-22,195.5,198.5,195.5,196.0,4287800.0,-1.5,2,1,0,0,0,3
2013-01-23,197.5,197.5,193.0,195.0,5851200.0,-1.5,2,1,1,0,0,4
2013-01-24,195.0,195.5,193.0,194.5,3308700.0,-2.0,2,1,0,0,2,3
2013-01-25,197.0,203.0,196.5,202.0,10741400.0,6.0,2,1,0,0,1,4
2013-01-28,205.0,212.0,205.0,212.0,7160300.0,15.0,1,1,0,0,1,4
2013-01-29,213.0,213.0,206.0,208.0,4868100.0,11.5,1,1,0,2,0,5
2013-01-30,210.0,212.0,207.0,210.0,3765600.0,14.5,1,1,0,0,1,5
2013-01-31,210.0,212.0,207.0,209.0,4299200.0,14.5,1,1,2,2,0,5
2013-02-01,210.0,215.0,210.0,215.0,4903500.0,20.5,1,1,0,0,1,5
2013-02-04,217.0,220.0,216.0,219.0,5839300.0,23.0,1,1,0,0,1,5
2013-02-05,217.0,218.0,210.0,211.0,6805600.0,15.0,1,1,0,0,0,5
2013-02-06,212.0,213.0,209.0,210.0,3076400.0,15.0,1,1,0,0,0,5
2013-02-07,210.0,210.0,206.0,209.0,2618000.0,14.5,1,1,0,0,0,5
2013-02-08,207.0,213.0,206.0,209.0,3830200.0,7.0,1,1,0,0,0,5
2013-02-11,209.0,210.0,199.5,202.0,5318700.0,-10.0,2,1,0,0,0,6
2013-02-12,202.0,205.0,201.0,204.0,2619700.0,-4.0,2,1,0,0,0,6
2013-02-13,207.0,214.0,206.0,211.0,6080800.0,1.0,2,1,0,0,0,6
2013-02-14,214.0,214.0,210.0,214.0,3515700.0,5.0,2,1,0,0,0,6
2013-02-15,214.0,214.0,210.0,210.0,2000800.0,-5.0,2,1,0,0,0,6
2013-02-18,211.0,218.0,211.0,214.0,4115800.0,-5.0,2,1,2,0,0,6
2013-02-19,216.0,218.0,215.0,216.0,3122900.0,5.0,1,1,2,0,1,6
2013-02-20,218.0,222.0,216.0,222.0,4443100.0,12.0,1,1,0,0,1,6
2013-02-21,220.0,223.0,218.0,221.0,5454000.0,12.0,1,1,0,0,1,6
2013-02-22,220.0,229.0,219.0,226.0,5530700.0,17.0,1,1,0,0,1,6
2013-02-26,226.0,226.0,217.0,219.0,3851000.0,17.0,1,1,2,0,0,6
2013-02-27,220.0,220.0,216.0,218.0,2657100.0,14.0,1,1,0,0,0,6
2013-02-28,219.0,221.0,216.0,219.0,4015900.0,8.0,1,1,0,0,0,6
2013-03-01,219.0,225.0,219.0,224.0,6492000.0,10.0,1,1,2,0,1,6
2013-03-04,226.0,228.0,221.0,223.0,4336100.0,13.0,1,1,2,2,0,6
2013-03-05,225.0,225.0,221.0,225.0,4830100.0,11.0,1,1,2,0,1,6
2013-03-06,228.0,228.0,223.0,226.0,3105700.0,10.0,1,1,2,0,1,6
2013-03-07,226.0,226.0,219.0,219.0,4611500.0,-3.0,2,1,0,0,0,6
2013-03-08,220.0,222.0,219.0,221.0,2661500.0,0.0,2,1,0,0,0,6
2013-03-11,222.0,225.0,221.0,225.0,2176100.0,-1.0,2,1,0,0,0,6
2013-03-12,225.0,226.0,223.0,226.0,2019500.0,7.0,2,1,2,0,0,6
2013-03-13,227.0,229.0,225.0,226.0,3339900.0,8.0,2,1,0,0,0,6
2013-03-14,227.0,233.0,226.0,232.0,5628600.0,13.0,1,1,0,2,1,6
2013-03-15,232.0,233.0,230.0,233.0,4315700.0,9.0,1,1,0,0,1,6
2013-03-18,230.0,233.0,230.0,232.0,3749900.0,9.0,1,1,0,2,1,5
2013-03-19,234.0,236.0,227.0,228.0,3751200.0,3.0,1,1,2,0,0,6
2013-03-20,227.0,228.0,219.0,220.0,7376900.0,-6.0,2,1,0,0,2,6
2013-03-21,220.0,220.0,214.0,216.0,6780200.0,-3.0,2,1,0,0,2,6
2013-03-22,216.0,218.0,207.0,210.0,11876500.0,-11.0,2,1,0,0,2,6
2013-03-25,214.0,216.0,210.0,214.0,7394100.0,-11.0,2,1,0,0,0,6
2013-03-26,215.0,220.0,212.0,219.0,4575900.0,-7.0,2,1,0,0,0,7
2013-03-27,220.0,226.0,219.0,225.0,4163700.0,-1.0,2,1,0,0,0,7
2013-03-28,225.0,227.0,221.0,222.0,7674700.0,-10.0,2,1,0,0,0,7
2013-03-29,225.0,228.0,222.0,227.0,5029800.0,-6.0,2,1,0,0,0,7
2013-04-01,227.0,230.0,226.0,228.0,4326900.0,-4.0,2,1,0,0,0,6
2013-04-02,229.0,230.0,227.0,228.0,3981800.0,0.0,1,1,0,0,0,6
2013-04-03,230.0,236.0,227.0,230.0,7213500.0,10.0,1,1,2,0,0,7
2013-04-04,223.0,231.0,221.0,231.0,8622500.0,15.0,1,1,0,0,1,7
2013-04-05,227.0,233.0,223.0,227.0,8431100.0,17.0,1,1,0,0,0,7
2013-04-09,225.0,226.0,220.0,221.0,5158000.0,7.0,2,1,0,0,0,7
2013-04-10,220.0,220.0,216.0,219.0,5905600.0,0.0,2,1,0,0,0,7
2013-04-11,221.0,227.0,218.0,227.0,3830700.0,2.0,2,1,0,2,0,7
2013-04-12,227.0,229.0,225.0,229.0,2868900.0,7.0,2,1,0,0,0,7
2013-04-17,236.0,237.0,227.0,233.0,6594000.0,6.0,1,1,0,0,1,7
2013-04-18,230.0,232.0,228.0,229.0,3256500.0,1.0,1,1,0,0,0,7
2013-04-19,225.0,228.0,224.0,228.0,4652900.0,0.0,1,1,0,0,0,7
2013-04-22,229.0,230.0,224.0,227.0,8686700.0,-3.0,2,1,0,0,0,7
2013-04-23,224.0,228.0,220.0,224.0,8494100.0,-7.0,2,1,0,0,0,7
2013-04-24,227.0,228.0,223.0,224.0,7613300.0,-3.0,2,1,0,0,0,7
2013-04-25,225.0,225.0,220.0,223.0,6748600.0,2.0,2,1,0,0,0,7
2013-04-26,225.0,225.0,220.0,224.0,4847200.0,5.0,2,1,0,0,0,7
2013-04-29,224.0,224.0,220.0,221.0,4026500.0,-6.0,2,1,1,0,0,7
2013-04-30,223.0,226.0,222.0,226.0,4106700.0,-3.0,2,1,0,0,0,7
2013-05-02,226.0,226.0,222.0,222.0,4599600.0,-11.0,2,1,0,0,0,6
2013-05-03,224.0,225.0,220.0,222.0,2998500.0,-7.0,2,1,1,0,0,6
2013-05-07,223.0,228.0,221.0,228.0,8070800.0,0.0,2,1,0,0,0,6
2013-05-08,228.0,231.0,227.0,230.0,4852600.0,3.0,1,1,2,0,0,6
2013-05-09,228.0,228.0,221.0,224.0,7210500.0,0.0,2,1,0,0,0,6
2013-05-10,225.0,227.0,223.0,227.0,2860100.0,3.0,2,1,0,0,0,6
2013-05-13,226.0,227.0,224.0,225.0,1889600.0,2.0,2,1,0,0,0,6
2013-05-14,224.0,226.0,222.0,224.0,4402900.0,0.0,2,1,0,0,0,6
2013-05-15,224.0,226.0,223.0,224.0,2671200.0,3.0,2,1,0,0,0,6
2013-05-16,224.0,224.0,221.0,221.0,4430400.0,-5.0,2,1,1,0,2,6
2013-05-17,221.0,222.0,220.0,222.0,3243400.0,0.0,2,1,1,0,2,5
2013-05-20,224.0,224.0,219.0,221.0,4548200.0,-1.0,2,1,1,0,2,5
2013-05-21,220.0,221.0,218.0,219.0,3751800.0,-9.0,2,1,0,0,2,5
2013-05-22,219.0,224.0,219.0,220.0,2976900.0,-10.0,2,1,1,0,2,5
2013-05-23,219.0,219.0,213.0,216.0,6270100.0,-8.0,2,2,0,0,2,5
2013-05-27,214.0,215.0,210.0,210.0,4655100.0,-17.0,2,2,0,0,2,6
2013-05-28,210.0,213.0,210.0,212.0,2854500.0,-13.0,2,2,0,0,2,5
2013-05-29,210.0,212.0,208.0,208.0,5897000.0,-16.0,2,2,0,0,2,5
2013-05-30,206.0,206.0,203.0,203.0,6132800.0,-21.0,2,2,0,0,2,5
2013-05-31,205.0,206.0,201.0,205.0,7064900.0,-16.0,2,2,0,0,2,5
2013-06-03,203.0,206.0,201.0,204.0,5260800.0,-18.0,2,2,1,0,2,5
2013-06-04,203.0,208.0,197.5,206.0,9099300.0,-15.0,2,2,1,0,0,6
2013-06-05,205.0,205.0,201.0,203.0,3319100.0,-16.0,2,2,1,0,0,6
2013-06-06,201.0,204.0,199.5,204.0,5537900.0,-16.0,2,2,1,0,0,6
2013-06-07,202.0,205.0,201.0,204.0,5394200.0,-12.0,2,2,0,0,0,6
2013-06-10,205.0,207.0,204.0,204.0,4218100.0,-6.0,2,2,0,0,0,5
2013-06-11,202.0,202.0,194.5,194.5,11657000.0,-17.5,2,2,0,0,2,6
2013-06-12,190.0,193.5,187.5,191.0,11607800.0,-17.0,2,2,0,0,2,6
2013-06-13,183.5,191.0,181.5,191.0,21586800.0,-12.0,2,2,0,0,0,6
2013-06-14,195.0,199.5,194.5,198.0,10857400.0,-7.0,2,2,0,0,0,6
2013-06-17,198.0,199.0,194.5,195.5,5883500.0,-8.5,2,2,0,0,0,6
2013-06-18,196.5,201.0,189.5,189.5,8341500.0,-16.5,2,2,1,0,0,7
2013-06-19,194.5,194.5,190.5,191.5,8229000.0,-11.5,2,2,1,1,0,7
2013-06-20,186.0,187.5,185.0,187.0,8898400.0,-17.0,2,2,0,0,0,7
2013-06-21,184.5,190.0,182.0,186.0,8271500.0,-18.0,2,2,1,0,2,7
2013-06-24,186.0,189.0,183.5,183.5,4681100.0,-20.5,2,2,1,0,2,7
2013-06-25,185.0,192.5,182.0,188.0,5944900.0,-6.5,2,2,0,0,0,7
2013-06-26,191.5,195.5,189.5,194.0,5306900.0,3.0,1,2,0,0,0,7
2013-06-27,200.0,204.0,196.5,204.0,7634300.0,13.0,1,2,2,0,1,7
2013-06-28,206.0,207.0,200.0,204.0,7141800.0,6.0,1,2,0,0,1,7
2013-07-02,207.0,209.0,205.0,208.0,8612200.0,12.5,1,2,0,0,1,7
2013-07-03,204.0,205.0,197.0,197.0,9296900.0,7.5,1,2,0,0,0,8
2013-07-04,199.5,201.0,194.0,195.5,6087400.0,4.0,1,2,0,0,0,8
2013-07-05,197.5,199.0,195.0,197.5,3678200.0,10.5,1,2,0,0,0,7
2013-07-08,195.0,195.0,189.0,189.0,5764800.0,3.0,1,2,0,0,0,7
2013-07-09,189.0,191.0,187.0,188.0,4603200.0,4.5,1,2,0,0,0,7
2013-07-10,189.0,192.5,188.5,191.0,4640000.0,3.0,1,2,0,0,0,7
2013-07-11,194.5,206.0,194.5,205.0,10658100.0,11.0,1,2,0,0,1,8
2013-07-12,207.0,208.0,200.0,202.0,6794000.0,-2.0,1,2,0,0,0,8
2013-07-15,206.0,206.0,201.0,202.0,4151300.0,-2.0,1,2,0,0,0,8
2013-07-16,203.0,204.0,200.0,202.0,3078700.0,-6.0,1,2,0,0,0,7
2013-07-17,204.0,207.0,202.0,207.0,3598600.0,10.0,1,2,2,0,1,7
2013-07-18,207.0,212.0,207.0,212.0,7573900.0,16.5,1,2,0,0,1,7
2013-07-19,212.0,213.0,207.0,208.0,6473100.0,10.5,1,2,2,2,1,7
2013-07-23,212.0,212.0,205.0,212.0,6340400.0,23.0,1,1,2,0,1,7
2013-07-24,210.0,211.0,206.0,207.0,4516600.0,19.0,1,1,0,0,0,7
2013-07-25,205.0,207.0,201.0,201.0,6182100.0,10.0,1,1,0,2,0,7
2013-07-26,201.0,205.0,199.0,205.0,5385300.0,0.0,1,1,0,0,0,7
2013-07-29,203.0,206.0,203.0,203.0,3177300.0,1.0,1,1,0,2,0,7
2013-07-30,203.0,209.0,203.0,204.0,3673100.0,2.0,1,1,0,0,0,7
2013-07-31,204.0,206.0,202.0,205.0,5651500.0,3.0,1,1,0,0,0,7
2013-08-01,209.0,209.0,205.0,205.0,4145000.0,-2.0,1,1,0,0,0,6
2013-08-02,207.0,207.0,198.5,203.0,4174400.0,-9.0,2,1,0,0,0,7
2013-08-05,201.0,203.0,200.0,200.0,2012900.0,-8.0,2,2,1,0,2,6
2013-08-06,199.5,203.0,198.5,200.0,4003300.0,-12.0,2,2,0,1,2,6
2013-08-07,200.0,204.0,200.0,201.0,2939900.0,-6.0,2,2,0,0,2,6
2013-08-08,203.0,207.0,200.0,201.0,3596400.0,0.0,2,2,0,0,2,6
2013-08-09,202.0,205.0,202.0,203.0,3382400.0,-2.0,2,2,0,0,0,6
2013-08-13,207.0,210.0,205.0,208.0,5952300.0,5.0,1,2,0,0,0,6
2013-08-14,205.0,211.0,205.0,209.0,5958100.0,5.0,1,1,0,0,1,6
2013-08-15,208.0,209.0,206.0,207.0,2100700.0,2.0,1,1,2,0,0,6
2013-08-16,205.0,208.0,204.0,205.0,3960600.0,0.0,1,1,0,0,0,6
2013-08-19,205.0,205.0,198.0,199.0,7039900.0,-4.0,2,2,1,0,2,6
2013-08-20,195.0,196.0,190.0,191.5,10681700.0,-8.5,2,2,0,0,2,6
2013-08-21,190.0,193.0,189.0,189.0,6668100.0,-11.0,2,2,0,0,2,6
2013-08-22,185.0,187.0,182.0,183.5,15201300.0,-17.5,2,2,0,0,2,6
2013-08-23,186.0,189.5,186.0,186.0,4857700.0,-15.0,2,2,0,0,2,6
2013-08-26,188.0,189.0,180.5,182.0,4859800.0,-21.0,2,2,0,0,2,6
2013-08-27,183.0,184.0,181.5,184.0,2809600.0,-24.0,2,2,1,0,2,6
2013-08-28,179.5,184.5,179.5,181.5,5025400.0,-27.5,2,2,1,0,2,6
2013-08-29,181.5,182.0,178.0,179.0,4554500.0,-28.0,2,2,1,0,2,6
2013-08-30,180.5,181.0,178.5,179.0,3145200.0,-26.0,2,2,1,0,2,6
2013-09-02,181.5,186.0,180.5,186.0,5324700.0,-13.0,2,2,0,0,0,6
2013-09-03,186.0,187.5,183.5,185.0,4312900.0,-6.5,2,2,0,0,0,6
2013-09-04,184.0,185.5,179.5,179.5,4387700.0,-9.5,2,2,0,0,2,6
2013-09-05,180.0,184.0,179.0,181.5,4292800.0,-2.0,2,2,0,0,2,6
2013-09-06,182.5,186.5,181.0,185.0,3846700.0,-1.0,2,2,0,0,0,6
2013-09-09,188.0,198.0,188.0,198.0,7669700.0,16.0,1,2,0,0,1,6
2013-09-10,200.0,201.0,193.0,195.0,7892300.0,11.0,1,2,0,0,0,7
2013-09-11,197.0,202.0,196.0,200.0,5394800.0,18.5,1,2,0,0,1,7
2013-09-12,200.0,205.0,200.0,200.0,7461900.0,21.0,1,2,0,0,1,7
2013-09-13,200.0,204.0,199.5,200.0,4305200.0,21.0,1,2,2,0,1,6
2013-09-16,204.0,211.0,204.0,208.0,6556200.0,22.0,1,2,0,0,1,7
2013-09-17,208.0,210.0,207.0,210.0,3552400.0,25.0,1,1,2,0,1,7
2013-09-18,209.0,210.0,205.0,207.0,1928400.0,27.5,1,1,2,0,1,6
2013-09-19,216.0,217.0,213.0,213.0,8385800.0,31.5,1,1,0,0,1,7
2013-09-20,212.0,214.0,208.0,210.0,4452500.0,25.0,1,1,2,0,1,7
2013-09-23,208.0,209.0,202.0,206.0,5864300.0,8.0,1,1,0,0,0,7
2013-09-24,204.0,208.0,203.0,203.0,3550000.0,8.0,1,1,0,0,0,7
2013-09-25,201.0,205.0,199.5,205.0,4417900.0,5.0,1,1,0,0,0,7
2013-09-26,201.0,205.0,201.0,202.0,2714200.0,2.0,1,1,0,0,0,7
2013-09-27,204.0,205.0,200.0,200.0,2057100.0,0.0,1,1,0,0,0,6
2013-09-30,198.5,198.5,196.0,196.0,3997900.0,-12.0,2,1,0,0,2,6
2013-10-01,197.0,203.0,195.0,203.0,4229800.0,-7.0,2,1,0,0,0,7
2013-10-02,199.5,201.0,197.5,199.0,3989600.0,-8.0,2,1,1,0,2,6
2013-10-03,201.0,204.0,201.0,204.0,2560600.0,-9.0,2,1,0,0,0,6
2013-10-04,203.0,203.0,199.0,199.0,2309700.0,-11.0,2,1,0,0,2,6
2013-10-07,199.0,200.0,196.5,197.5,3653400.0,-8.5,2,1,1,0,2,6
2013-10-08,197.5,201.0,196.5,199.5,3174400.0,-3.5,2,1,0,0,0,6
2013-10-09,203.0,203.0,199.5,200.0,2487600.0,-5.0,2,1,0,0,0,6
2013-10-10,199.5,204.0,199.5,203.0,4047400.0,1.0,2,1,0,0,0,6
2013-10-11,206.0,206.0,203.0,204.0,2489300.0,4.0,2,1,2,0,0,6
2013-10-14,202.0,206.0,201.0,205.0,1605100.0,9.0,2,1,2,0,1,6
2013-10-15,206.0,209.0,206.0,207.0,3424800.0,4.0,1,1,0,0,1,6
2013-10-16,207.0,209.0,205.0,205.0,1211600.0,6.0,1,1,0,0,0,6
2013-10-17,205.0,207.0,201.0,201.0,3034400.0,-3.0,2,1,0,0,0,6
2013-10-18,202.0,208.0,201.0,207.0,2593200.0,8.0,1,1,2,0,1,6
2013-10-21,207.0,208.0,202.0,205.0,5768200.0,7.5,1,1,0,0,0,6
2013-10-22,203.0,206.0,202.0,204.0,2987700.0,4.5,1,1,0,0,0,6
2013-10-24,203.0,205.0,201.0,205.0,2483100.0,5.0,1,1,0,0,0,6
2013-10-25,204.0,206.0,201.0,203.0,2426300.0,0.0,2,1,0,0,0,6
2013-10-28,205.0,206.0,203.0,205.0,1782200.0,1.0,2,1,0,0,0,5
2013-10-29,203.0,205.0,202.0,205.0,1007600.0,0.0,2,1,0,0,0,5
2013-10-30,204.0,205.0,201.0,203.0,2679200.0,-4.0,2,1,1,0,0,5
2013-10-31,203.0,207.0,201.0,206.0,2943300.0,1.0,2,1,0,0,0,5
2013-11-01,204.0,208.0,203.0,208.0,2637600.0,7.0,1,1,2,0,1,5
2013-11-04,207.0,207.0,201.0,202.0,2851400.0,-5.0,2,1,0,0,2,6
2013-11-05,202.0,204.0,201.0,204.0,2431300.0,-1.0,2,1,1,0,0,5
2013-11-06,204.0,207.0,202.0,207.0,2180500.0,3.0,2,1,2,0,1,5
2013-11-07,207.0,209.0,204.0,206.0,2991700.0,1.0,2,1,0,0,0,5
2013-11-08,202.0,204.0,200.0,202.0,2582400.0,-1.0,2,1,0,0,0,5
2013-11-11,200.0,204.0,197.0,201.0,3548900.0,-4.0,2,1,0,0,0,6
2013-11-12,203.0,204.0,199.5,200.0,2423400.0,-5.0,2,1,0,0,0,6
2013-11-13,199.0,201.0,197.5,197.5,4483400.0,-5.5,2,1,0,0,2,5
2013-11-14,198.5,201.0,198.5,200.0,1798800.0,-6.0,2,2,1,0,0,5
2013-11-15,201.0,202.0,199.0,201.0,2867200.0,-7.0,2,2,0,0,0,5
2013-11-18,203.0,204.0,200.0,200.0,1829600.0,-2.0,2,2,0,0,0,5
2013-11-19,200.0,201.0,198.0,199.5,1812400.0,-4.5,2,2,1,0,0,5
2013-11-20,200.0,201.0,198.0,199.5,2413300.0,-7.5,2,2,0,0,0,5
2013-11-21,199.0,199.0,191.0,192.0,5147400.0,-14.0,2,2,0,1,2,5
2013-11-22,191.5,192.0,188.5,189.0,3675500.0,-13.0,2,2,0,0,2,5
2013-11-25,189.0,190.5,188.0,190.0,4922700.0,-11.0,2,2,0,0,2,5
2013-11-26,189.5,193.0,188.0,189.0,9075200.0,-11.0,2,2,0,1,2,5
2013-11-27,189.0,190.0,188.5,189.0,2505700.0,-8.5,2,2,1,1,2,5
2013-11-28,190.5,191.5,188.0,189.0,1972200.0,-11.0,2,2,1,1,2,5
2013-11-29,188.5,188.5,186.0,188.0,2686100.0,-13.0,2,2,1,0,2,5
2013-12-02,188.0,188.0,186.0,187.5,3178300.0,-12.5,2,2,1,1,2,5
2013-12-03,188.5,191.5,186.5,189.0,5855400.0,-10.5,2,2,0,1,2,5
2013-12-04,189.0,191.0,188.5,188.5,3233900.0,-11.0,2,2,0,1,2,4
2013-12-06,186.0,186.5,181.0,181.5,6773500.0,-10.5,2,2,0,0,2,5
2013-12-09,183.0,185.0,181.0,185.0,4846500.0,-4.0,2,2,0,0,0,5
2013-12-11,183.5,185.0,183.5,185.0,3789900.0,-5.0,2,2,1,0,0,5
2013-12-12,184.0,184.5,183.0,184.0,3107400.0,-5.0,2,2,1,0,2,4
2013-12-13,183.5,185.0,181.0,183.0,4292600.0,-6.0,2,2,1,0,2,4
2013-12-16,183.0,184.0,181.5,183.0,3882200.0,-6.0,2,2,1,0,2,4
2013-12-17,184.5,185.5,183.5,185.0,3041300.0,-3.0,2,2,0,0,0,4
2013-12-18,184.5,185.5,183.0,184.0,4341600.0,-3.5,1,2,0,0,0,4
2013-12-19,185.0,185.5,183.5,184.0,3092400.0,-5.0,1,2,0,0,0,4
2013-12-20,184.0,184.0,180.0,182.0,4244600.0,-6.5,1,2,1,0,2,4
2013-12-23,181.0,182.0,178.5,181.5,3791400.0,0.0,1,2,0,0,0,4
2013-12-24,181.0,181.5,179.0,179.0,3636200.0,-6.0,2,2,0,0,2,4
2013-12-25,179.5,181.5,179.0,181.5,1549300.0,-3.5,1,2,1,0,0,4
2013-12-26,181.0,181.5,176.5,180.0,5239500.0,-4.0,1,2,0,0,0,4
2013-12-27,177.5,178.0,174.0,178.0,6124000.0,-5.0,2,2,0,0,0,4
2014-01-02,178.5,178.5,166.0,166.0,9335900.0,-17.0,2,2,0,0,2,5
2014-01-03,166.0,170.0,166.0,168.5,9506900.0,-16.5,2,2,0,0,2,5
2014-01-06,168.0,175.5,165.0,173.5,9790700.0,-10.5,2,2,0,0,0,5
2014-01-07,174.0,180.0,173.5,178.0,5719200.0,-6.0,2,2,0,0,0,5
2014-01-08,179.0,182.0,177.5,177.5,9392300.0,-4.5,1,2,0,0,0,5
2014-01-09,177.0,180.5,177.0,178.0,4938800.0,-3.5,1,2,0,0,0,5
2014-01-10,177.5,178.0,174.0,177.0,4312100.0,-2.0,1,2,0,0,0,5
2014-01-13,174.5,182.0,174.0,181.5,7072700.0,0.0,1,2,0,0,1,5
2014-01-14,180.0,182.0,179.0,181.0,5999700.0,1.0,1,2,0,0,1,5
2014-01-15,180.5,181.5,176.5,176.5,7137200.0,-1.5,1,2,0,0,0,5
2014-01-16,175.5,179.5,175.5,179.0,4086600.0,13.0,1,2,0,0,1,5
2014-01-17,181.0,181.5,178.5,179.0,4799600.0,10.5,1,2,0,0,1,5
2014-01-20,175.5,177.0,175.0,175.5,5986600.0,2.0,1,2,0,2,0,5
2014-01-21,176.5,178.0,175.0,176.0,10393400.0,-2.0,1,2,0,0,0,5
2014-01-22,171.5,176.5,171.5,175.0,12714600.0,-2.5,1,2,0,0,0,5
2014-01-23,176.5,179.0,174.0,178.5,13175800.0,0.5,1,2,0,0,0,5
2014-01-24,179.5,181.0,177.5,178.0,7147000.0,1.0,1,2,0,0,0,5
2014-01-27,175.0,176.0,174.5,174.5,4156900.0,-7.0,1,2,1,0,0,5
2014-01-28,173.5,175.0,170.5,171.0,5493400.0,-10.0,1,2,0,0,2,5
2014-01-29,172.0,172.0,170.0,170.5,5600900.0,-6.0,2,2,0,1,2,5
2014-01-30,169.5,169.5,167.5,169.0,9552500.0,-10.0,2,2,0,0,2,5
2014-01-31,170.0,171.5,169.5,171.5,10434200.0,-7.5,2,2,1,0,0,5
2014-02-03,173.0,176.5,172.0,176.0,6193000.0,0.5,1,2,0,0,0,5
2014-02-04,174.0,174.5,171.0,172.0,5045300.0,-4.0,1,2,0,0,0,5
2014-02-05,171.5,173.5,171.0,173.0,3707300.0,-2.0,1,2,0,0,0,5
2014-02-06,175.0,175.0,173.5,173.5,2800100.0,-5.0,1,2,0,0,0,4
2014-02-07,174.5,174.5,173.5,174.5,3620600.0,-3.5,1,2,0,0,0,4
2014-02-10,174.0,175.0,173.0,173.0,2441200.0,-1.5,1,2,0,0,0,4
2014-02-11,174.5,177.0,173.0,176.5,4750200.0,5.5,1,2,0,0,0,4
2014-02-12,177.0,179.0,175.5,179.0,5224500.0,8.5,1,2,0,0,1,4
2014-02-13,179.5,179.5,176.0,177.0,3427500.0,8.0,1,2,0,0,0,4
2014-02-17,177.0,178.0,176.0,176.5,7117300.0,5.0,1,2,2,0,0,4
2014-02-18,176.0,176.5,175.0,176.0,8808500.0,0.0,1,2,0,0,0,4
2014-02-19,175.0,176.0,172.0,172.5,9340200.0,0.5,1,2,0,0,0,4
2014-02-20,172.0,173.0,171.0,171.5,6374700.0,-1.5,1,2,1,0,0,4
2014-02-21,171.5,173.5,170.0,172.0,3953500.0,-1.5,1,2,1,0,0,4
2014-02-24,172.0,173.0,170.5,171.5,3270500.0,-3.0,2,2,1,0,2,4
2014-02-25,171.5,173.5,171.5,173.5,3163400.0,0.5,1,2,0,0,0,4
2014-02-26,172.0,173.0,172.0,172.0,4600600.0,-4.5,2,2,0,0,0,4
2014-02-27,172.0,174.0,172.0,173.0,7346200.0,-6.0,1,2,0,0,0,3
2014-02-28,173.0,173.5,172.0,172.0,15403800.0,-5.0,2,2,0,0,0,3
2014-03-03,172.5,175.5,172.5,174.5,10517600.0,-2.0,1,2,0,0,0,3
2014-03-04,174.0,177.0,174.0,176.0,6288800.0,0.0,1,2,0,0,0,3
2014-03-05,177.0,179.0,177.0,179.0,7293900.0,6.5,1,2,0,0,1,3
2014-03-06,178.5,179.5,178.0,179.0,5810700.0,7.5,1,2,0,0,1,3
2014-03-07,179.0,179.5,177.0,177.5,4732200.0,5.5,1,2,2,0,0,3
2014-03-10,176.0,176.5,174.0,174.5,6166800.0,3.0,1,2,0,0,0,3
2014-03-11,175.0,178.5,174.5,176.5,3626500.0,3.0,1,2,0,0,0,3
2014-03-12,176.0,178.0,176.0,177.0,5208500.0,5.0,1,2,0,0,0,3
2014-03-13,177.0,178.5,176.5,177.5,8269300.0,4.5,1,2,0,0,0,3
2014-03-14,176.5,178.5,176.0,178.0,5320300.0,6.0,1,2,0,0,1,3
2014-03-17,177.5,180.5,177.0,179.0,8589800.0,4.5,1,2,2,0,1,3
2014-03-18,180.0,183.0,179.5,181.5,8435100.0,5.5,1,1,0,2,1,3
2014-03-19,182.5,183.5,180.5,181.5,7527500.0,2.5,1,1,0,0,1,3
2014-03-20,180.0,180.5,176.5,178.0,9590300.0,-1.0,1,1,0,0,0,4
2014-03-21,177.0,178.5,175.0,176.5,9068700.0,-1.0,1,1,0,0,0,4
2014-03-24,176.5,177.0,175.0,175.0,3333300.0,0.5,2,1,1,0,2,4
2014-03-25,176.0,176.0,173.0,175.0,5555900.0,-1.5,2,2,0,0,2,4
2014-03-26,176.0,177.0,175.5,175.5,2522400.0,-1.5,2,2,0,0,0,3
2014-03-27,175.5,177.0,174.0,174.0,3448600.0,-3.5,2,2,1,0,2,3
2014-03-28,174.5,176.5,174.0,176.0,10748700.0,-2.0,2,2,0,0,0,3
2014-03-31,177.0,179.0,176.0,178.5,5978200.0,-0.5,2,2,0,0,0,3
2014-04-01,179.5,181.0,179.0,181.0,6561000.0,-0.5,1,1,2,0,0,3
2014-04-02,182.0,184.5,181.5,183.5,13819900.0,2.0,1,1,0,0,1,3
2014-04-03,183.5,184.5,182.5,184.0,9753000.0,6.0,1,1,0,0,1,3
2014-04-04,183.5,186.5,183.5,186.5,11584000.0,10.0,1,1,0,0,1,3
2014-04-08,187.5,189.0,186.5,186.5,6322700.0,11.5,1,1,0,0,1,3
2014-04-09,187.0,188.5,185.5,186.0,4851700.0,11.0,1,1,2,0,1,3
2014-04-10,185.0,186.0,184.0,186.0,5525200.0,10.5,1,1,0,2,1,3
2014-04-11,186.0,187.5,186.0,187.5,3375500.0,13.5,1,1,2,0,1,3
2014-04-16,188.5,190.5,187.5,190.0,8105300.0,14.0,1,1,2,0,1,3
2014-04-17,190.0,195.0,190.0,194.5,11692800.0,16.0,1,1,0,0,1,3
2014-04-18,190.5,192.0,190.0,190.0,6636700.0,9.0,1,1,2,0,0,4
2014-04-21,190.0,193.0,189.5,191.0,4610200.0,7.5,1,1,2,0,1,4
2014-04-22,192.0,193.5,190.5,193.5,8757400.0,9.5,1,1,2,0,1,4
2014-04-23,194.5,196.5,194.5,195.5,7433400.0,9.0,1,1,0,0,1,4
2014-04-24,195.0,195.0,188.0,189.0,11603400.0,2.5,1,1,0,0,0,4
2014-04-25,188.5,189.0,187.0,187.5,8222200.0,1.5,1,1,0,0,0,4
2014-04-28,188.0,190.5,188.0,189.0,880000.0,3.0,2,1,0,0,0,4
2014-04-29,189.0,191.5,189.0,190.0,5454000.0,2.5,2,1,0,0,0,4
2014-04-30,190.5,190.5,188.5,188.5,4957500.0,-1.5,2,1,0,0,0,4
2014-05-02,189.0,192.0,189.0,192.0,4826400.0,-2.5,2,1,0,0,0,4
2014-05-06,192.5,193.0,190.5,191.5,2887100.0,1.5,2,1,0,0,0,4
2014-05-07,188.0,190.0,186.5,189.0,6307300.0,-2.0,2,1,1,0,0,4
2014-05-08,188.5,189.0,185.5,186.0,7332100.0,-7.5,2,1,0,0,2,4
2014-05-09,186.0,187.5,186.0,186.5,5434900.0,-9.0,2,1,0,0,2,4
2014-05-12,186.5,186.5,184.0,184.5,7117300.0,-4.5,2,1,0,0,2,4
2014-05-14,186.0,187.0,185.0,186.5,7845300.0,-1.0,2,1,1,0,0,4
2014-05-15,186.0,186.0,184.5,185.5,5073100.0,-3.5,2,1,1,0,2,3
2014-05-16,185.5,188.5,185.0,188.0,9081300.0,-2.0,2,1,0,0,0,3
2014-05-19,189.0,189.5,187.0,188.0,3465000.0,-0.5,2,1,0,0,0,3
2014-05-20,186.0,187.5,185.0,185.5,6920500.0,-6.5,2,1,0,0,2,3
2014-05-21,185.0,186.0,184.5,185.5,8314300.0,-6.0,2,1,1,0,2,3
2014-05-22,187.0,187.5,185.0,185.5,7082800.0,-3.5,2,1,0,0,2,3
2014-05-23,181.0,184.5,180.5,184.5,10717000.0,-1.5,2,1,0,0,0,3
2014-05-26,184.0,184.0,179.0,180.0,7308300.0,-6.5,2,1,0,0,2,4
2014-05-27,181.5,184.0,181.5,183.5,5166300.0,-1.0,2,1,1,0,0,4
2014-05-28,184.0,188.0,184.0,186.5,6349200.0,0.0,2,1,0,0,0,4
2014-05-29,186.0,187.5,184.5,185.5,4673900.0,0.0,2,1,0,0,0,4
2014-05-30,186.0,188.0,185.0,185.0,7968100.0,-3.0,2,1,0,0,0,4
2014-06-02,186.0,191.0,186.0,191.0,11888000.0,3.0,1,1,0,0,1,4
2014-06-03,193.0,194.0,192.5,193.5,8774800.0,8.0,1,1,0,0,1,4
2014-06-04,194.0,194.0,190.0,190.5,6041000.0,5.0,1,1,0,0,0,4
2014-06-05,191.0,192.0,190.0,191.5,4882500.0,6.0,1,1,2,0,1,4
2014-06-06,192.5,193.0,191.0,191.5,5298200.0,7.0,1,1,2,0,1,4
2014-06-09,192.5,193.0,191.0,192.5,4775900.0,12.5,1,1,2,0,1,4
2014-06-10,192.5,195.5,191.5,195.0,15793200.0,11.5,1,1,2,2,1,4
2014-06-11,195.5,197.5,194.5,196.5,9106600.0,10.0,1,1,2,0,1,4
2014-06-12,195.5,196.0,193.5,193.5,5342000.0,8.0,1,1,2,0,0,4
2014-06-13,193.5,194.5,192.5,193.0,6436100.0,8.0,1,1,0,0,0,4
2014-06-16,193.5,194.0,192.0,193.5,7523000.0,2.5,1,1,0,0,0,4
2014-06-17,193.5,194.0,192.0,192.0,4763200.0,-1.5,1,1,0,0,0,3
2014-06-18,192.0,192.0,189.5,190.0,6140400.0,-0.5,2,1,0,0,0,3
2014-06-19,190.5,191.0,188.5,190.0,4802700.0,-1.5,2,1,1,0,0,3
2014-06-20,190.5,193.5,190.0,193.5,6197400.0,2.0,2,1,0,0,0,3
2014-06-23,195.0,195.0,192.0,193.0,5794100.0,0.5,2,1,0,0,0,3
2014-06-24,192.0,192.0,190.0,191.0,5951500.0,-4.0,2,1,1,0,0,3
2014-06-25,192.0,193.5,191.5,192.5,4598300.0,-4.0,2,1,0,0,0,3
2014-06-26,193.5,193.5,192.0,193.5,2787300.0,0.0,2,1,0,0,0,3
2014-06-27,193.5,193.5,191.0,192.5,4662300.0,-0.5,2,1,0,0,0,3
2014-06-30,193.0,194.5,193.0,193.0,4119100.0,-0.5,2,1,0,0,0,3
2014-07-02,195.0,200.0,194.0,199.5,14282100.0,7.5,1,1,0,0,1,4
2014-07-03,200.0,201.0,198.5,201.0,8011800.0,11.0,1,1,0,0,1,4
2014-07-04,202.0,202.0,197.5,198.0,6911300.0,8.0,1,1,0,0,0,4
2014-07-07,198.5,199.5,197.0,197.0,4231100.0,3.5,1,1,2,0,0,4
2014-07-08,198.0,201.0,197.5,198.5,3809800.0,5.5,1,1,2,0,0,4
2014-07-09,197.5,201.0,197.5,201.0,3196300.0,10.0,1,1,2,0,1,4
2014-07-10,202.0,203.0,200.0,203.0,8064800.0,10.5,1,1,2,0,1,4
2014-07-14,204.0,205.0,201.0,202.0,5211300.0,8.5,1,1,2,2,0,4
2014-07-15,202.0,202.0,199.0,199.0,5379500.0,6.5,1,1,0,0,0,4
2014-07-16,199.5,201.0,197.0,197.5,4032000.0,4.5,1,1,0,0,0,4
2014-07-17,198.0,198.0,196.0,197.5,4140200.0,-2.0,2,1,0,0,0,4
2014-07-18,197.0,198.0,195.5,195.5,4185600.0,-5.5,2,1,0,0,0,4
2014-07-21,196.5,197.5,196.5,197.0,3962700.0,-1.0,2,1,0,0,0,4
2014-07-22,198.5,201.0,197.0,199.5,9234300.0,2.5,2,1,0,0,0,4
2014-07-23,200.0,203.0,200.0,202.0,7667700.0,3.5,2,1,2,0,0,4
2014-07-24,203.0,204.0,201.0,203.0,4671900.0,2.0,1,1,0,0,0,4
2014-07-25,202.0,202.0,198.5,199.0,3849700.0,-4.0,2,1,0,0,0,4
2014-07-28,199.5,201.0,197.5,199.0,5764300.0,-3.0,2,1,0,0,0,4
2014-07-29,199.0,199.5,195.0,195.0,5434700.0,-4.0,2,1,1,0,2,4
2014-07-30,196.5,198.0,193.0,196.0,6545400.0,-1.5,2,1,1,0,0,4
2014-07-31,195.5,198.0,194.5,195.0,5997200.0,-2.5,2,1,1,0,2,4
2014-08-01,195.0,197.0,193.0,196.0,4800500.0,0.5,2,1,1,0,0,4
2014-08-04,197.5,201.0,196.0,200.0,7655100.0,3.0,2,1,0,0,0,4
2014-08-05,201.0,202.0,199.5,199.5,4644100.0,0.0,2,1,0,0,0,4
2014-08-06,199.0,200.0,198.0,198.0,4008900.0,-4.0,2,1,0,0,0,4
2014-08-07,198.5,199.0,196.5,197.0,5468800.0,-6.0,2,1,0,0,0,4
2014-08-08,195.0,196.5,194.5,196.5,5970800.0,-2.5,2,1,1,0,0,4
2014-08-13,198.0,199.5,197.5,199.5,7475500.0,0.5,2,1,0,0,0,4
2014-08-14,201.0,202.0,199.5,200.0,6070500.0,5.0,2,1,2,0,0,4
2014-08-15,201.0,202.0,199.5,202.0,3126000.0,6.0,1,1,2,0,1,4
2014-08-18,202.0,203.0,200.0,202.0,2363800.0,7.0,1,1,0,0,1,4
2014-08-19,203.0,203.0,201.0,201.0,1808100.0,5.0,1,1,2,0,0,4
2014-08-20,202.0,204.0,201.0,203.0,4452300.0,3.0,1,1,2,0,1,4
2014-08-21,202.0,203.0,200.0,201.0,2704100.0,1.5,1,1,0,0,0,4
2014-08-22,202.0,203.0,200.0,200.0,4563700.0,2.0,1,1,0,0,0,4
2014-08-25,201.0,204.0,201.0,203.0,3542600.0,6.0,1,1,2,0,1,4
2014-08-26,203.0,204.0,201.0,203.0,2654200.0,6.5,1,1,2,0,1,4
2014-08-27,204.0,207.0,204.0,206.0,5635200.0,6.5,1,1,0,0,1,4
2014-08-28,207.0,209.0,206.0,206.0,6610500.0,6.0,1,1,0,0,0,4
2014-08-29,205.0,207.0,204.0,205.0,2795500.0,3.0,1,1,2,0,0,4
2014-09-01,207.0,212.0,206.0,210.0,6008500.0,8.0,1,1,0,0,1,4
2014-09-02,210.0,214.0,210.0,212.0,5804300.0,11.0,1,1,0,0,1,4
2014-09-03,213.0,215.0,212.0,215.0,3508300.0,12.0,1,1,0,2,1,4
2014-09-04,216.0,216.0,211.0,211.0,5831300.0,10.0,1,1,0,0,0,4
2014-09-05,213.0,214.0,212.0,212.0,2402900.0,12.0,1,1,2,0,0,4
2014-09-08,214.0,216.0,214.0,215.0,3494500.0,12.0,1,1,2,0,1,4
2014-09-09,214.0,214.0,211.0,214.0,2602400.0,11.0,1,1,0,0,1,4
2014-09-10,211.0,214.0,209.0,211.0,4691100.0,5.0,1,1,0,0,0,4
2014-09-11,211.0,212.0,208.0,208.0,3991300.0,2.0,1,1,0,0,0,4
2014-09-12,208.0,209.0,207.0,208.0,4721900.0,3.0,2,1,0,0,0,4
2014-09-15,208.0,210.0,207.0,209.0,3851700.0,-1.0,2,1,0,0,0,4
2014-09-16,209.0,210.0,206.0,206.0,2677300.0,-6.0,2,1,1,0,2,4
2014-09-17,208.0,212.0,206.0,211.0,10385500.0,-4.0,2,1,0,0,0,4
2014-09-18,211.0,212.0,207.0,211.0,8488200.0,0.0,2,1,0,0,0,4
2014-09-19,212.0,214.0,210.0,211.0,4264200.0,-1.0,2,1,0,0,0,4
2014-09-22,211.0,213.0,210.0,212.0,1556200.0,-3.0,2,1,0,0,0,4
2014-09-23,212.0,215.0,211.0,212.0,3294200.0,-2.0,2,1,0,0,0,4
2014-09-24,213.0,215.0,213.0,214.0,2934700.0,3.0,2,1,2,0,0,4
2014-09-25,210.0,210.0,206.0,209.0,15320800.0,1.0,2,1,1,0,0,5
2014-09-26,207.0,208.0,206.0,208.0,8463600.0,0.0,2,1,1,0,0,4
2014-09-29,207.0,208.0,203.0,203.0,25435800.0,-6.0,2,1,0,0,2,5
2014-09-30,203.0,206.0,203.0,204.0,7852700.0,-2.0,2,1,0,0,2,4
2014-10-01,204.0,206.0,203.0,205.0,4245600.0,-6.0,2,1,1,0,2,4
2014-10-02,204.0,204.0,201.0,201.0,6288600.0,-10.0,2,1,0,0,2,4
2014-10-03,201.0,204.0,201.0,203.0,5249900.0,-8.0,2,1,1,0,2,4
2014-10-06,203.0,203.0,197.5,197.5,9166000.0,-14.5,2,2,0,1,2,4
2014-10-07,197.5,198.5,197.0,197.0,6924000.0,-15.0,2,2,0,0,2,4
2014-10-08,196.0,198.5,195.0,196.5,7860500.0,-17.5,2,2,0,0,2,4
2014-10-09,197.5,198.5,196.5,197.0,5587700.0,-12.0,2,2,1,0,2,4
2014-10-10,196.0,197.5,195.5,197.5,2049800.0,-10.5,2,2,1,0,2,4
2014-10-13,196.5,197.0,195.0,196.0,2952300.0,-7.0,2,2,1,1,2,4
2014-10-14,196.5,197.5,196.0,197.0,3422800.0,-7.0,2,2,0,0,2,4
2014-10-15,196.5,198.0,195.0,195.0,4069000.0,-10.0,2,2,0,0,2,4
2014-10-16,194.5,194.5,192.0,192.0,7478700.0,-9.0,2,2,0,1,2,4
2014-10-17,192.5,193.0,191.0,192.0,7781500.0,-11.0,2,2,0,1,2,4
2014-10-20,194.0,195.0,193.0,194.5,3497100.0,-3.0,2,2,1,0,0,4
2014-10-21,195.0,195.0,193.5,194.0,3729000.0,-3.0,2,2,0,0,0,4
2014-10-22,194.0,194.5,191.5,192.5,3925200.0,-4.0,2,2,1,0,2,4
2014-10-24,196.0,198.5,195.5,196.0,10052100.0,-1.0,2,2,0,0,0,4
2014-10-27,196.5,197.0,194.5,196.0,4437700.0,-1.5,1,2,0,0,0,4
2014-10-28,195.5,196.0,195.0,195.5,5853700.0,-0.5,1,2,0,0,0,4
2014-10-29,196.0,196.5,195.0,196.0,639100.0,-1.0,1,2,0,0,0,3
2014-10-30,196.0,196.0,195.0,196.0,3552400.0,1.0,1,2,0,0,0,3
2014-10-31,197.0,198.5,196.5,198.0,6967300.0,6.0,1,2,0,0,1,3
2014-11-03,198.5,199.0,197.0,197.5,6515200.0,5.5,1,2,2,0,1,3
2014-11-04,198.0,199.0,197.5,199.0,4824000.0,4.5,1,2,0,0,1,3
2014-11-05,199.0,201.0,198.5,199.5,7302500.0,5.5,1,2,0,0,1,3
2014-11-06,200.0,201.0,198.5,200.0,3501800.0,7.5,1,2,0,0,1,3
2014-11-07,200.0,201.0,199.0,199.5,2512600.0,3.5,1,2,2,0,1,3
2014-11-10,199.5,200.0,197.0,197.0,3921300.0,1.0,1,2,0,0,0,3
2014-11-11,197.5,199.0,197.0,197.0,2705900.0,1.5,1,2,0,0,0,3
2014-11-12,198.5,199.0,196.0,196.5,3434000.0,0.5,1,2,0,0,0,3
2014-11-13,197.5,198.5,196.5,198.5,3131600.0,2.5,1,2,0,0,0,3
2014-11-14,199.5,201.0,199.0,200.0,3752900.0,2.0,1,2,2,0,1,3
2014-11-17,199.5,200.0,198.5,198.5,1928000.0,1.0,1,2,0,0,0,3
2014-11-18,198.5,201.0,198.0,200.0,4411000.0,1.0,1,2,0,0,1,3
2014-11-19,201.0,202.0,200.0,200.0,3256900.0,0.5,1,2,0,0,0,3
2014-11-20,200.0,200.0,198.0,198.5,2183700.0,-1.5,1,2,0,0,0,3
2014-11-21,199.0,203.0,199.0,201.0,7318400.0,1.5,1,2,0,0,0,3
2014-11-24,203.0,205.0,202.0,205.0,5222800.0,8.0,1,1,0,0,1,3
2014-11-25,204.0,205.0,201.0,202.0,6561500.0,5.0,1,1,0,0,0,3
2014-11-26,203.0,204.0,201.0,202.0,3196800.0,5.5,1,1,2,0,0,3
2014-11-27,202.0,202.0,200.0,202.0,3313500.0,3.5,1,1,0,0,0,3
2014-11-28,201.0,203.0,200.0,202.0,3552800.0,2.0,1,1,0,0,0,3
2014-12-01,201.0,204.0,201.0,202.0,4033000.0,3.5,1,1,0,0,0,3
2014-12-02,202.0,203.0,200.0,200.0,3157700.0,0.0,1,1,0,0,0,3
2014-12-03,201.0,202.0,199.0,200.0,3267900.0,0.0,1,1,0,0,0,3
2014-12-04,200.0,201.0,197.0,199.5,3715100.0,1.0,2,1,1,0,0,3
2014-12-08,200.0,202.0,197.0,198.0,3015500.0,-3.0,2,1,1,0,2,4
2014-12-09,198.5,200.0,197.5,199.5,3685700.0,-5.5,2,1,1,0,0,4
2014-12-11,196.5,197.5,192.0,195.0,10557300.0,-7.0,2,2,0,0,0,4
2014-12-12,194.0,195.0,192.5,192.5,3753500.0,-9.5,2,2,0,1,2,4
2014-12-15,190.0,190.5,181.5,190.0,11450000.0,-12.0,2,2,0,1,0,4
2014-12-16,187.0,188.0,183.5,187.5,9336200.0,-14.5,2,2,0,0,0,5
2014-12-17,186.0,192.5,186.0,192.5,6290500.0,-9.5,2,2,1,0,0,5
2014-12-18,194.0,194.0,193.0,193.5,3206000.0,-6.5,2,2,0,0,0,4
2014-12-19,195.0,195.0,193.0,194.0,1930500.0,-6.0,2,2,0,0,0,4
2014-12-22,194.0,194.5,193.5,194.0,1985700.0,-5.5,2,2,0,0,0,4
2014-12-23,195.0,197.5,194.5,196.5,3325500.0,-1.5,2,2,0,0,0,4
2014-12-24,197.0,197.5,195.5,196.0,1098200.0,-3.5,1,2,0,0,0,4
2014-12-25,194.5,195.0,192.0,192.5,1964600.0,-2.5,2,2,0,0,0,4
2014-12-26,192.0,195.5,191.5,195.5,2069200.0,3.0,1,2,0,0,0,4
2014-12-29,195.5,196.0,192.5,192.5,2407000.0,2.5,1,2,0,0,0,4
2014-12-30,193.5,194.0,191.5,194.0,2590100.0,6.5,1,2,0,0,0,4
2015-01-05,193.0,194.0,189.5,190.0,2931800.0,-2.5,2,2,0,0,0,4
2015-01-06,188.0,189.5,187.5,189.5,5120100.0,-4.0,2,2,1,0,0,4
2015-01-07,189.0,193.0,188.5,191.5,3932700.0,-2.5,2,2,0,0,0,4
2015-01-08,192.5,194.5,191.0,192.0,6611100.0,-2.0,2,2,0,0,0,4
2015-01-09,192.0,192.5,189.5,190.0,6282900.0,-6.5,2,2,1,0,0,4
2015-01-12,190.0,190.0,187.5,188.0,6708500.0,-8.0,2,2,0,0,2,4
2015-01-13,187.0,187.0,186.0,186.5,4158900.0,-6.0,2,2,0,0,2,4
2015-01-14,187.0,188.5,186.5,186.5,5137100.0,-9.0,2,2,1,0,2,4
2015-01-15,187.0,187.5,186.0,186.0,6530800.0,-6.5,2,2,1,0,2,4
2015-01-16,185.0,185.5,183.5,183.5,6008300.0,-10.5,2,2,0,1,2,4
2015-01-19,184.5,185.0,183.5,184.0,2812600.0,-6.0,2,2,0,0,2,3
2015-01-20,184.5,186.5,184.0,185.0,2307000.0,-4.5,2,2,1,0,2,3
2015-01-21,186.0,187.0,185.5,185.5,4389400.0,-6.0,2,2,0,0,2,3
2015-01-22,186.5,188.5,186.0,188.0,6442300.0,-4.0,2,2,0,0,0,3
2015-01-23,189.0,194.0,189.0,193.5,8629800.0,3.5,1,2,0,0,1,4
2015-01-26,193.5,194.5,192.0,194.0,5315400.0,6.0,1,2,0,0,1,4
2015-01-27,195.0,197.0,195.0,196.0,8489300.0,9.5,1,2,0,0,1,4
2015-01-28,195.5,196.0,193.5,193.5,5940200.0,7.0,1,2,2,0,0,4
2015-01-29,194.0,194.0,192.0,192.5,5715000.0,6.5,1,2,0,0,0,3
2015-01-30,192.0,192.5,190.0,190.5,4495300.0,7.0,1,2,0,0,0,3
2015-02-02,188.0,189.5,188.0,189.5,2599600.0,5.5,1,2,0,0,0,3
2015-02-03,190.5,192.5,190.0,191.0,4252200.0,6.0,1,2,0,0,0,3
2015-02-04,192.5,193.0,189.5,189.5,4340500.0,4.0,1,2,0,0,0,3
2015-02-05,189.5,191.0,189.0,190.0,4573600.0,2.0,1,2,0,0,0,3
2015-02-06,190.0,190.5,189.0,190.0,2206000.0,-3.5,1,2,0,0,0,3
2015-02-09,189.0,190.0,187.0,187.0,4134100.0,-7.0,2,2,1,0,2,3
2015-02-10,187.0,188.0,186.5,187.5,3806300.0,-8.5,2,2,1,0,2,3
2015-02-11,188.0,190.5,187.5,190.0,3302700.0,-3.5,2,2,0,0,0,3
2015-02-12,191.0,192.0,190.5,192.0,4798600.0,-0.5,1,2,0,0,0,3
2015-02-13,192.5,193.0,191.0,191.5,4069900.0,1.0,1,2,0,0,0,3
2015-02-16,192.0,192.5,191.0,192.0,2423100.0,2.5,1,2,0,0,0,3
2015-02-17,191.5,192.5,189.5,190.0,2685100.0,-1.0,1,2,0,0,0,3
2015-02-18,189.0,190.0,188.0,190.0,2491200.0,0.5,1,2,0,0,0,3
2015-02-19,190.0,191.0,189.0,190.0,1782200.0,0.0,1,2,0,0,0,3
2015-02-20,190.0,191.0,190.0,190.0,1449800.0,0.0,1,2,0,0,0,3
2015-02-23,191.5,191.5,189.0,189.0,2073100.0,2.0,1,2,0,0,0,3
2015-02-24,189.0,189.5,188.5,188.5,2607900.0,1.0,2,2,0,0,0,3
2015-02-25,189.0,189.5,185.0,187.0,6253400.0,-3.0,2,2,0,0,0,3
2015-02-26,186.0,186.0,182.5,184.5,10823300.0,-7.5,2,2,0,0,2,3
2015-02-27,184.5,184.5,182.5,183.0,6798500.0,-8.5,2,2,0,0,2,3
2015-03-02,182.5,183.0,180.0,181.0,6932600.0,-11.0,2,2,0,1,2,3
2015-03-03,181.5,184.5,181.0,182.0,4422600.0,-8.0,2,2,1,0,2,3
2015-03-05,182.0,187.5,180.0,187.0,8228600.0,-3.0,2,2,0,0,0,3
2015-03-06,187.0,188.5,186.5,188.5,5405900.0,-1.5,2,2,0,0,0,3
2015-03-09,187.5,188.5,185.5,187.0,3684100.0,-3.0,2,2,0,0,0,3
2015-03-10,187.0,187.5,182.0,182.5,5050600.0,-6.5,2,2,0,0,0,4
2015-03-11,182.0,184.5,181.5,183.5,9962500.0,-5.0,2,2,0,0,0,4
2015-03-12,183.5,184.5,181.0,183.5,6495100.0,-3.5,2,2,0,0,0,4
2015-03-13,184.0,185.0,182.5,184.0,3856500.0,-0.5,2,2,0,0,0,4
2015-03-16,180.0,182.5,179.0,181.5,7562400.0,-1.5,2,2,1,0,0,4
2015-03-17,183.0,184.0,182.5,184.0,3609700.0,3.0,2,2,0,0,0,4
2015-03-18,183.0,185.5,183.0,184.5,7216600.0,2.5,2,2,0,0,0,4
2015-03-19,185.5,186.0,184.0,185.0,6665400.0,-2.0,1,2,0,0,0,4
2015-03-20,185.0,185.5,183.0,183.0,4931000.0,-5.5,1,2,0,0,0,4
2015-03-23,183.0,183.5,181.0,181.5,4226400.0,-5.5,2,2,1,0,0,3
2015-03-24,182.0,182.0,180.5,181.5,8264000.0,-1.0,2,2,0,0,0,3
2015-03-25,181.0,181.0,178.5,179.0,15795400.0,-4.5,2,2,0,0,2,3
2015-03-26,178.0,179.0,177.5,179.0,7987900.0,-4.5,2,2,0,0,2,3
2015-03-27,179.0,181.0,178.5,180.0,6213400.0,-4.0,2,2,1,0,0,3
2015-03-30,181.0,182.0,180.5,181.5,3103400.0,0.0,2,2,0,0,0,3
2015-03-31,181.5,185.5,181.5,184.5,5345500.0,0.5,1,2,0,0,1,3
2015-04-01,184.5,184.5,182.0,182.0,3969400.0,-2.5,1,2,0,0,0,3
2015-04-02,182.0,185.0,182.0,184.0,5491300.0,-1.0,1,2,0,0,0,3
2015-04-03,184.0,185.5,184.0,185.0,1735100.0,2.0,1,2,2,0,1,3
2015-04-07,186.0,186.5,185.0,186.0,2535700.0,4.5,1,2,2,0,1,3
2015-04-08,186.5,188.5,186.0,188.0,4955500.0,6.5,1,2,0,0,1,3
2015-04-09,187.0,190.0,187.0,190.0,7863500.0,11.0,1,2,0,0,1,3
2015-04-10,190.5,191.0,189.5,190.5,7114200.0,11.5,1,2,0,0,1,3
2015-04-16,190.5,192.5,190.0,192.0,8091800.0,12.0,1,1,0,0,1,3
2015-04-17,187.5,188.5,187.0,187.5,10654400.0,6.0,1,1,0,0,0,3
2015-04-20,188.0,189.0,186.0,188.0,9750900.0,3.5,1,1,0,0,0,3
2015-04-21,189.0,190.5,188.0,189.0,6500100.0,7.0,1,1,0,0,0,3
2015-04-22,189.0,190.5,187.5,187.5,8808200.0,3.5,1,1,0,0,0,3
2015-04-23,189.0,189.0,187.5,188.0,6338400.0,3.0,1,1,0,0,0,3
2015-04-24,188.0,189.0,187.5,189.0,3676800.0,3.0,1,1,0,0,0,3
2015-04-27,188.5,189.0,186.5,187.0,4122400.0,-1.0,1,1,0,0,0,3
2015-04-28,186.0,186.5,181.5,183.0,5126400.0,-7.0,2,1,0,0,2,3
2015-04-29,183.0,185.5,182.5,183.0,3278000.0,-7.5,2,2,0,0,2,3
2015-04-30,182.5,185.0,181.5,185.0,2678800.0,-7.0,2,2,0,0,0,3
2015-05-04,185.0,185.0,185.0,185.0,0.0,-2.5,2,2,1,0,0,3
2015-05-06,184.0,185.0,179.0,180.5,8858200.0,-7.5,2,2,0,1,2,3
2015-05-07,179.5,180.5,179.0,180.0,5366300.0,-9.0,2,2,0,0,2,3
2015-05-08,181.5,184.5,181.0,183.5,8193400.0,-4.0,2,2,0,0,0,3
2015-05-11,185.0,188.0,184.5,187.0,6860100.0,-1.0,2,2,0,0,0,4
2015-05-12,186.0,186.0,183.5,185.0,3334500.0,-4.0,2,2,0,0,0,4
2015-05-13,185.0,185.5,183.0,183.5,3070900.0,-3.5,2,2,0,0,0,4
2015-05-14,184.0,186.5,183.0,186.5,2995200.0,3.5,2,2,0,0,0,4
2015-05-15,185.5,187.5,184.5,187.0,2079400.0,4.0,1,2,0,0,0,4
2015-05-18,185.5,187.5,185.5,187.0,3301500.0,2.0,1,2,2,0,0,3
2015-05-19,187.0,187.0,184.5,185.5,2557800.0,0.5,1,2,0,0,0,3
2015-05-20,185.0,185.0,182.0,182.0,3976200.0,1.5,2,2,0,0,0,3
2015-05-21,182.5,183.5,181.5,181.5,2728600.0,1.5,2,2,0,0,0,3
2015-05-22,183.0,183.5,180.5,181.0,3511700.0,-2.5,2,2,1,0,0,3
2015-05-25,182.0,182.0,180.0,180.0,1852400.0,-7.0,2,2,1,0,2,3
2015-05-26,180.0,180.5,179.5,180.0,2446600.0,-5.0,2,2,1,0,2,3
2015-05-27,178.0,181.0,177.0,180.0,5557900.0,-3.5,2,2,0,0,0,3
2015-05-28,180.0,182.0,179.0,181.5,3065000.0,-5.0,2,2,0,0,0,3
2015-05-29,182.0,182.5,181.5,182.0,4243500.0,-5.0,2,2,0,0,0,3
2015-06-02,182.0,183.0,181.0,182.0,6516500.0,-5.0,2,2,0,0,0,3
2015-06-03,182.5,183.0,180.5,181.5,5042900.0,-4.0,2,2,0,0,0,3
2015-06-04,181.5,181.5,180.0,181.0,4344700.0,-1.0,2,2,0,0,0,3
2015-06-05,181.0,182.5,180.0,181.0,5732500.0,-0.5,2,2,0,0,0,3
2015-06-08,181.0,182.0,180.0,180.0,2994800.0,-1.0,2,2,0,0,0,3
2015-06-09,180.0,180.0,178.5,179.5,7815700.0,-0.5,2,2,0,0,0,3
2015-06-10,180.0,181.5,179.5,180.5,4011200.0,0.5,2,2,0,0,0,3
2015-06-11,181.5,181.5,180.0,180.5,2523500.0,0.5,2,2,0,0,0,3
2015-06-12,180.0,180.5,179.5,180.0,2230800.0,-1.5,2,2,0,0,0,3
2015-06-15,180.0,180.5,179.5,180.0,2587800.0,-2.0,2,2,0,0,0,3
2015-06-16,179.5,181.0,179.5,179.5,1250300.0,-2.5,2,2,0,0,0,3
2015-06-17,180.0,180.0,179.0,180.0,3582800.0,-1.5,1,2,1,0,0,3
2015-06-18,179.5,180.5,179.0,179.5,3028700.0,-1.5,1,2,1,0,0,2
2015-06-19,179.0,179.5,178.0,178.5,2884100.0,-2.5,2,2,0,0,2,2
2015-06-22,178.5,179.5,178.5,178.5,2283700.0,-1.5,2,2,0,0,2,2
2015-06-23,179.5,179.5,178.0,178.0,2284000.0,-1.5,2,2,0,0,2,2
2015-06-24,178.5,180.0,178.0,179.0,4758200.0,-1.5,2,2,0,0,0,2
2015-06-25,179.0,180.5,179.0,180.0,4487600.0,-0.5,1,2,0,0,0,2
2015-06-26,179.5,180.0,179.0,179.0,3282300.0,-1.0,1,2,0,0,0,2
2015-06-29,178.0,180.0,177.5,178.5,3559600.0,-1.5,1,2,1,0,0,2
2015-06-30,180.0,180.0,177.0,178.0,4269700.0,-1.5,1,2,1,0,0,2
2015-07-02,178.0,178.0,173.0,174.0,7174300.0,-6.0,2,2,0,0,2,3
2015-07-03,175.0,177.0,174.0,176.0,4407000.0,-3.5,2,2,0,0,0,3
2015-07-06,174.0,174.0,172.0,172.5,5224400.0,-6.0,2,2,0,0,2,3
2015-07-07,173.5,175.5,173.0,174.5,5222900.0,-4.0,2,2,0,0,0,3
2015-07-08,172.5,173.0,171.5,172.0,3451200.0,-6.0,2,2,0,0,2,3
2015-07-09,172.0,172.5,170.5,172.0,5624200.0,-7.0,2,2,0,0,2,3
2015-07-10,173.0,179.0,173.0,178.0,8287100.0,-2.0,2,2,0,0,0,3
2015-07-13,178.0,181.0,176.5,179.0,5777300.0,0.0,1,2,0,0,1,3
2015-07-14,178.0,178.5,175.0,175.5,3689500.0,-3.0,1,2,0,0,0,3
2015-07-15,175.5,176.0,173.0,173.0,2302800.0,-5.0,1,2,0,0,0,3
2015-07-16,173.5,174.5,173.0,173.5,3132800.0,-0.5,2,2,0,0,0,3
2015-07-17,173.5,174.0,172.5,173.5,2052300.0,-2.5,2,2,0,0,0,3
2015-07-20,173.5,174.5,173.0,173.5,2323700.0,1.0,2,2,0,0,0,3
2015-07-21,173.5,174.0,171.5,173.0,2836500.0,-1.5,2,2,0,0,0,3
2015-07-22,170.0,171.5,168.0,171.5,8163000.0,-0.5,2,2,0,0,0,3
2015-07-23,171.5,172.5,169.0,169.0,4409700.0,-3.0,2,2,0,0,2,3
2015-07-24,169.0,170.5,168.5,169.5,4394200.0,-8.5,2,2,0,0,2,3
2015-07-27,168.5,169.5,167.5,167.5,5332400.0,-11.5,2,2,0,0,2,3
2015-07-28,168.0,168.5,165.0,165.0,3708100.0,-10.5,2,2,0,0,2,3
2015-07-29,165.0,165.5,161.5,162.5,6931000.0,-10.5,2,2,0,0,2,3
2015-07-31,164.0,166.5,163.0,166.0,6627100.0,-7.5,2,2,1,0,0,3
2015-08-03,165.5,168.5,165.0,167.0,3873700.0,-6.5,2,2,0,0,0,3
2015-08-04,167.0,168.0,166.5,167.0,2296700.0,-6.5,2,2,0,0,0,3
2015-08-05,168.5,168.5,165.5,166.5,3832500.0,-6.5,2,2,0,0,0,3
2015-08-06,166.0,166.5,165.0,165.0,3856300.0,-6.5,2,2,0,0,0,3
2015-08-07,166.0,167.5,165.5,166.0,2561800.0,-3.0,2,2,0,0,0,3
2015-08-10,165.0,166.5,165.0,166.0,3104600.0,-3.5,1,2,0,0,0,3
2015-08-11,166.0,166.5,165.0,165.0,2329800.0,-2.5,1,2,0,0,0,3
2015-08-13,162.5,164.0,160.5,164.0,8004600.0,-1.0,1,2,0,0,0,3
2015-08-14,164.0,166.0,163.0,166.0,4617300.0,3.5,1,2,0,0,0,3
2015-08-17,165.0,168.0,165.0,167.0,4486500.0,1.0,1,2,0,0,0,3
2015-08-18,162.5,165.0,162.0,164.5,6533500.0,-2.5,1,2,1,0,0,3
2015-08-19,163.5,166.0,162.5,164.5,4521300.0,-2.5,1,2,0,0,0,3
2015-08-20,164.0,165.0,162.0,162.0,3567800.0,-4.5,1,2,0,0,2,3
2015-08-21,162.0,163.0,161.0,162.0,2720100.0,-3.0,1,2,0,0,2,3
2015-08-24,158.0,161.5,157.5,160.0,5174400.0,-6.0,2,2,0,0,0,4
2015-08-25,161.0,162.0,159.0,162.0,5230500.0,-4.0,2,2,1,0,0,4
2015-08-26,162.0,164.0,160.5,162.5,6376800.0,-2.5,1,2,0,0,0,4
2015-08-27,165.0,168.0,164.5,167.5,4402900.0,3.5,1,2,2,0,1,4
2015-08-28,170.0,171.0,165.5,167.5,3880100.0,1.5,1,2,0,0,0,4
2015-08-31,166.0,167.0,164.5,164.5,4956900.0,-2.5,1,2,0,0,0,4
2015-09-01,165.5,165.5,163.0,163.5,3923100.0,-1.0,1,2,0,0,0,4
2015-09-02,163.5,165.0,163.0,163.5,3842000.0,-1.0,1,2,0,0,0,4
2015-09-03,164.5,165.0,163.0,163.0,3289400.0,1.0,1,2,0,0,0,4
2015-09-04,162.5,163.0,160.5,161.0,5182100.0,-1.0,1,2,1,0,0,4
2015-09-07,161.0,161.5,160.0,161.0,2961500.0,1.0,1,2,1,0,0,3
2015-09-08,160.0,163.0,159.0,161.5,3172500.0,-0.5,1,2,0,0,0,4
2015-09-09,163.5,166.0,162.5,165.0,3735900.0,2.5,1,2,0,0,0,4
2015-09-10,163.0,167.0,163.0,167.0,4610000.0,-0.5,1,2,0,0,0,4
2015-09-11,167.0,167.5,164.5,164.5,2843000.0,-3.0,1,2,0,0,0,4
2015-09-14,165.5,165.5,163.0,165.0,3029700.0,0.5,1,2,0,0,0,4
2015-09-15,164.0,164.5,162.5,163.5,4684700.0,0.0,1,2,0,0,0,4
2015-09-16,164.5,165.5,163.0,165.5,2874600.0,2.0,1,2,0,0,0,4
2015-09-17,165.5,166.0,164.0,164.0,6138800.0,1.0,1,2,0,0,0,3
2015-09-18,164.5,166.5,163.5,166.5,4891300.0,5.5,1,2,2,0,1,3
2015-09-21,164.5,166.0,163.0,165.0,3386000.0,4.0,1,2,0,0,0,4
2015-09-22,165.5,165.5,163.0,163.0,2890900.0,1.5,1,2,0,0,0,3
2015-09-23,162.5,163.5,161.5,163.0,2917500.0,-2.0,1,2,0,0,0,3
2015-09-24,162.5,164.5,161.5,164.5,2957700.0,-2.5,1,2,0,0,0,3
2015-09-25,163.5,164.5,162.5,163.0,2620000.0,-1.5,1,2,0,0,0,3
2015-09-28,162.0,162.5,160.5,161.0,2505800.0,-4.0,2,2,0,0,2,3
2015-09-29,160.0,161.5,159.0,160.0,3212000.0,-3.5,2,2,0,0,2,3
2015-09-30,160.5,161.0,159.5,160.0,2558600.0,-5.5,2,2,0,0,2,3
2015-10-01,161.0,161.5,159.0,159.0,2757700.0,-5.0,2,2,0,0,2,3
2015-10-02,159.0,160.5,158.5,159.5,2237700.0,-7.0,2,2,1,0,2,3
2015-10-05,161.0,162.5,160.5,161.5,3517700.0,-3.5,2,2,0,0,0,3
2015-10-06,162.0,163.0,161.5,163.0,2098700.0,0.0,2,2,0,0,0,3
2015-10-07,163.0,164.0,163.0,164.0,3247000.0,1.0,1,2,0,0,0,3
2015-10-08,164.0,165.0,163.5,164.5,3736000.0,0.0,1,2,2,0,0,3
2015-10-09,165.0,167.5,165.0,166.5,5397300.0,3.5,1,2,0,0,1,3
2015-10-12,167.0,168.5,166.0,168.0,3707100.0,7.0,1,2,0,0,1,3
2015-10-13,167.5,168.0,166.5,166.5,2411200.0,6.5,1,2,0,0,0,3
2015-10-14,166.5,168.0,166.0,167.0,2155200.0,7.0,1,2,2,0,1,3
2015-10-15,167.5,170.0,167.0,169.0,3415700.0,10.0,1,1,0,2,1,3
2015-10-16,170.0,170.0,166.0,166.5,2933200.0,7.0,1,1,2,0,0,3
2015-10-19,167.5,168.5,166.5,167.0,1016200.0,5.5,1,1,0,0,0,3
2015-10-20,167.0,168.0,166.0,166.0,1950800.0,3.0,1,1,0,0,0,3
2015-10-21,166.0,169.5,166.0,169.5,4354500.0,5.5,1,1,0,0,1,3
2015-10-22,170.0,170.0,168.5,170.0,1786200.0,5.5,1,1,2,0,1,3
2015-10-26,172.0,172.5,169.0,170.0,4459100.0,3.5,1,1,0,0,0,3
2015-10-27,169.5,169.5,168.0,168.5,2292100.0,0.5,1,1,0,0,0,3
2015-10-28,167.5,168.0,163.5,164.5,5444300.0,-2.0,1,1,0,0,2,3
2015-10-29,164.5,165.5,163.0,164.5,4388000.0,-2.5,2,1,0,0,2,3
2015-10-30,165.5,168.5,165.0,167.5,4772000.0,-1.5,2,1,0,0,0,3
2015-11-02,167.5,168.0,165.5,168.0,2607600.0,1.5,2,1,0,0,0,3
2015-11-03,168.5,168.5,165.0,166.0,3741900.0,-1.0,2,1,0,0,0,3
2015-11-04,168.0,168.5,167.0,167.5,1459900.0,1.5,2,1,0,0,0,3
2015-11-05,167.5,169.0,167.0,167.0,2026100.0,-2.5,2,1,0,0,0,3
2015-11-06,166.5,168.5,166.0,167.0,2580800.0,-3.0,2,1,0,0,0,3
2015-11-09,166.0,167.0,165.0,166.5,1365800.0,-3.5,2,1,0,0,0,3
2015-11-10,165.0,166.0,164.5,166.0,2093200.0,-2.5,2,1,1,0,0,3
2015-11-11,166.0,166.0,164.0,164.0,1112300.0,-0.5,2,1,1,0,2,3
2015-11-12,164.0,166.0,163.0,166.0,2471700.0,1.5,2,1,1,0,0,3
2015-11-13,165.0,165.5,164.0,164.0,1509100.0,-3.5,2,2,1,0,2,3
2015-11-16,163.0,164.0,162.0,164.0,2297200.0,-4.0,2,2,0,0,0,3
2015-11-17,164.5,165.0,163.0,163.5,1185000.0,-2.5,2,2,1,0,0,3
2015-11-18,164.0,164.5,162.0,162.0,3179700.0,-5.5,2,2,0,0,2,3
2015-11-19,163.0,164.0,162.5,162.5,1653300.0,-4.5,2,2,1,0,2,3
2015-11-20,163.0,165.5,162.0,164.5,2087700.0,-2.5,2,2,0,0,0,3
2015-11-23,166.0,168.5,165.0,167.5,3575200.0,1.0,2,2,2,0,0,3
2015-11-24,167.5,168.5,165.0,165.5,3002100.0,-0.5,2,2,0,0,0,3
2015-11-25,167.0,170.0,167.0,169.0,5038800.0,5.0,1,2,0,0,1,3
2015-11-26,169.5,170.0,168.5,170.0,4536800.0,4.0,1,1,0,0,1,3
2015-11-27,169.5,169.5,167.5,169.0,1020100.0,5.0,1,1,2,0,1,3
2015-11-30,168.0,169.5,167.0,167.5,3337500.0,3.5,1,1,0,0,0,3
2015-12-01,168.0,169.0,166.5,166.5,2745700.0,3.0,1,1,0,0,0,3
2015-12-02,166.5,167.0,162.5,163.0,3748700.0,1.0,2,1,0,0,2,3
2015-12-03,163.5,164.0,162.0,162.5,3656900.0,0.0,2,2,1,0,2,3
2015-12-04,161.5,163.0,160.5,161.0,2986500.0,-3.5,2,2,1,0,2,3
2015-12-08,161.0,161.5,160.0,160.0,1879900.0,-7.5,2,2,0,0,2,3
2015-12-09,160.5,161.0,158.0,159.5,4053700.0,-6.0,2,2,0,0,2,3
2015-12-11,156.5,156.5,150.0,150.5,10245400.0,-18.5,2,2,0,0,2,4
2015-12-14,147.5,148.0,144.0,146.0,25588600.0,-24.0,2,2,0,0,2,4
2015-12-15,147.0,152.5,147.0,151.0,9080000.0,-18.0,2,2,0,0,0,4
2015-12-16,151.0,155.0,150.5,152.5,7644700.0,-15.0,2,2,1,0,0,4
2015-12-17,154.0,159.5,153.5,157.0,7826200.0,-9.5,2,2,0,0,0,4
2015-12-18,156.0,158.0,156.0,157.0,4067600.0,-6.0,2,2,0,1,0,4
2015-12-21,155.0,158.0,154.5,157.5,4072700.0,-5.0,2,2,0,0,0,4
2015-12-22,158.5,158.5,156.0,156.0,5003100.0,-5.0,2,2,0,0,0,4
2015-12-23,157.5,157.5,155.0,156.5,5952400.0,-3.5,1,2,0,0,0,4
2015-12-24,156.5,157.0,151.0,152.0,4773600.0,-7.5,2,2,0,1,0,4
2015-12-25,152.5,153.5,151.5,153.5,951700.0,3.0,2,2,0,0,0,4
2015-12-28,154.0,155.0,153.5,154.0,1450900.0,8.0,2,2,0,0,0,4
2015-12-29,154.0,155.0,152.5,154.0,1666300.0,3.0,1,2,0,0,0,4
2015-12-30,154.0,155.0,152.5,152.5,3089700.0,0.0,1,2,0,0,0,4
2016-01-04,151.5,152.0,150.0,150.0,2206700.0,-7.0,2,2,1,0,0,4
2016-01-05,150.0,154.5,150.0,154.0,3759900.0,-3.0,1,2,0,0,0,4
2016-01-06,151.5,152.0,147.5,149.0,6534300.0,-8.5,2,2,0,0,2,4
2016-01-07,145.0,147.0,143.0,143.0,7984300.0,-13.0,2,2,0,0,2,4
2016-01-08,144.0,148.5,144.0,148.0,3219900.0,-8.5,2,2,0,1,0,4
2016-01-11,145.0,146.0,142.5,145.5,5014400.0,-6.5,2,2,0,0,2,5
2016-01-12,145.5,149.0,145.5,147.5,4285900.0,-6.0,2,2,0,1,0,4
2016-01-13,149.5,153.0,149.0,152.0,7615100.0,-2.0,1,2,0,0,0,5
2016-01-14,148.5,152.0,148.0,150.0,4632000.0,-4.0,1,2,0,0,0,5
2016-01-15,149.5,152.0,145.0,146.0,5690500.0,-6.5,1,2,0,0,0,5
2016-01-18,143.5,147.0,143.0,146.0,2210100.0,-4.0,1,2,1,0,0,5
2016-01-19,146.0,151.0,145.5,147.5,3996900.0,-6.5,1,2,0,0,0,5
2016-01-20,146.0,147.0,145.0,145.5,3415500.0,-3.5,1,2,0,0,0,5
2016-01-21,147.0,148.0,143.0,144.5,4933100.0,1.5,2,2,1,1,2,5
2016-01-22,146.0,147.5,144.5,146.5,5684900.0,-1.5,1,2,0,0,0,5
2016-01-25,147.0,148.0,145.5,145.5,4971300.0,0.0,1,2,0,0,0,5
2016-01-26,144.5,146.5,144.0,145.5,1951000.0,-2.0,1,2,0,0,0,4
2016-01-27,146.5,150.5,146.0,149.0,8252400.0,-3.0,1,2,0,0,0,5
2016-01-28,149.5,152.0,149.0,151.5,5183200.0,1.5,1,2,0,0,1,4
2016-01-29,151.5,152.5,149.5,152.5,8767400.0,6.5,1,2,0,0,1,4
2016-02-01,152.0,153.0,149.5,150.5,7020200.0,4.5,1,2,2,0,0,4
2016-02-02,150.5,151.0,147.0,148.5,5910600.0,1.0,1,2,0,0,0,4
2016-02-03,147.0,148.0,146.0,147.5,3998600.0,2.0,1,2,0,0,0,4
2016-02-04,148.5,151.5,148.0,151.0,6020100.0,6.5,1,2,0,0,0,4
2016-02-05,151.5,152.0,150.5,151.5,5957100.0,5.0,1,2,2,0,1,4
2016-02-08,152.0,152.0,149.5,150.0,4894500.0,4.5,1,2,0,0,0,4
2016-02-09,149.0,149.5,147.5,149.0,2757800.0,3.5,1,2,0,0,0,4
2016-02-10,148.5,150.0,148.0,149.5,2586200.0,0.5,1,2,0,0,0,4
2016-02-11,149.0,153.5,148.5,148.5,7203800.0,-3.0,1,2,0,0,0,4
2016-02-12,149.0,149.5,147.0,148.0,3507600.0,-4.5,1,2,0,0,0,4
2016-02-15,149.0,151.5,149.0,150.5,2793300.0,0.0,1,2,0,0,0,4
2016-02-16,152.0,152.5,150.5,152.0,4449100.0,3.5,1,2,2,0,0,4
2016-02-17,151.0,152.5,150.0,152.5,3442800.0,5.0,1,2,2,0,1,4
2016-02-18,154.0,155.0,153.0,155.0,7505800.0,4.0,1,2,0,0,1,4
2016-02-19,154.5,158.0,154.5,158.0,5768200.0,6.5,1,2,0,0,1,4
2016-02-23,158.0,161.5,158.0,160.5,6455700.0,10.5,1,1,0,2,1,4
2016-02-24,160.5,164.0,159.5,164.0,5924300.0,15.0,1,1,0,0,1,4
2016-02-25,164.5,167.0,163.5,166.5,8434200.0,17.0,1,1,0,0,1,4
2016-02-26,166.5,167.5,165.0,165.5,2959700.0,17.0,1,1,0,0,1,4
2016-02-29,165.5,166.0,161.5,161.5,3705000.0,13.5,1,1,2,0,0,4
2016-03-01,161.5,162.5,161.0,162.0,3049800.0,11.5,1,1,0,0,0,4
2016-03-02,163.5,170.0,163.5,168.0,9121100.0,16.0,1,1,2,0,1,4
2016-03-03,169.0,171.0,167.0,168.5,9803200.0,16.0,1,1,2,0,1,4
2016-03-04,170.0,171.5,169.5,170.0,8759600.0,15.0,1,1,2,0,1,4
2016-03-07,171.0,172.0,170.5,172.0,3528700.0,14.0,1,1,2,0,1,4
2016-03-08,170.5,172.5,168.5,169.0,7765100.0,8.5,1,1,2,0,1,4
2016-03-09,169.0,173.0,167.0,173.0,6639500.0,9.0,1,1,2,0,1,4
2016-03-10,173.0,173.5,170.0,172.0,3779400.0,5.5,1,1,2,0,1,4
2016-03-11,173.5,175.0,172.0,174.0,6279100.0,8.5,1,1,2,2,1,4
2016-03-14,175.0,177.0,174.5,175.5,4881700.0,14.0,1,1,0,0,1,4
2016-03-15,175.0,176.5,174.0,174.0,2630700.0,12.0,1,1,2,0,1,4
2016-03-16,175.0,175.0,168.5,170.0,6849700.0,2.0,1,1,0,0,0,4
2016-03-17,171.5,172.0,169.0,170.5,4279500.0,2.0,2,1,0,0,0,4
2016-03-18,171.0,172.5,169.5,170.5,5435000.0,0.5,2,1,0,0,0,4
2016-03-21,171.0,172.0,170.0,172.0,3775300.0,0.0,2,1,0,0,0,4
2016-03-22,175.0,177.0,174.5,176.5,8598700.0,7.5,2,1,0,0,1,4
2016-03-23,176.5,180.5,176.0,180.0,8362100.0,7.0,1,1,0,0,1,4
2016-03-24,180.0,180.0,177.5,178.5,4302600.0,6.5,1,1,0,2,1,4
2016-03-25,177.0,178.0,175.5,177.0,3458800.0,3.0,1,1,0,0,0,4
2016-03-28,176.5,177.0,174.0,174.0,2913800.0,-1.5,2,1,0,0,0,4
2016-03-29,173.0,176.0,172.5,176.0,3358100.0,2.0,2,1,0,0,0,4
2016-03-30,176.5,182.0,176.5,180.5,11735700.0,10.5,2,1,0,0,1,4
2016-03-31,180.0,181.5,178.5,180.0,5067200.0,9.5,2,1,2,0,1,4
2016-04-01,178.5,179.0,177.0,177.0,4565700.0,6.5,2,1,0,0,0,4
2016-04-04,177.5,179.5,177.5,177.5,2879700.0,5.5,2,1,0,0,0,4
2016-04-05,176.5,176.5,166.5,167.5,12240300.0,-9.0,2,1,0,0,2,5
2016-04-07,167.5,168.5,161.0,162.0,8956600.0,-18.0,2,1,0,1,2,5
2016-04-08,162.0,164.0,161.0,162.5,9443700.0,-16.0,2,1,0,0,2,5
2016-04-11,162.5,164.5,162.5,163.0,6473400.0,-14.0,2,1,0,0,2,5
2016-04-12,163.5,165.0,163.0,164.5,2652600.0,-9.5,2,1,1,0,2,4
2016-04-18,166.0,168.5,165.5,168.0,5498100.0,-8.0,2,1,0,0,0,4
2016-04-19,169.0,172.5,168.5,170.0,5541600.0,-10.5,2,1,0,0,0,4
2016-04-20,169.5,169.5,167.5,168.5,5603600.0,-11.5,2,1,0,0,0,4
2016-04-21,166.0,167.0,165.0,166.5,5047300.0,-10.5,2,1,0,0,0,4
2016-04-22,164.5,165.0,162.5,163.0,5128500.0,-14.5,2,1,0,0,2,4
2016-04-25,162.5,164.0,162.0,164.0,2062600.0,-3.5,2,1,0,0,2,4
2016-04-26,163.0,165.5,162.5,164.5,2513500.0,2.5,2,2,0,0,2,4
2016-04-27,165.0,165.0,162.5,162.5,1308000.0,0.0,2,2,0,0,2,4
2016-04-28,163.5,164.0,161.0,161.0,2648100.0,-2.0,2,2,1,0,2,4
2016-04-29,161.0,165.0,161.0,164.0,3012400.0,-0.5,2,2,0,0,0,4
2016-05-03,165.0,167.0,164.5,166.0,3376900.0,-2.0,2,2,0,0,0,4
2016-05-04,165.0,167.0,165.0,167.0,3363300.0,-3.0,2,2,0,0,0,4
2016-05-09,166.0,166.5,164.5,165.0,2815500.0,-3.5,2,2,0,0,0,4
2016-05-10,163.5,163.5,160.0,160.5,7522500.0,-6.0,2,2,0,1,2,4
2016-05-11,160.5,161.0,156.5,156.5,6309500.0,-6.5,2,2,0,0,2,4
2016-05-12,156.0,157.0,155.0,157.0,6083900.0,-7.0,2,2,0,1,2,4
2016-05-13,156.0,157.5,154.5,155.0,6791600.0,-9.5,2,2,0,0,2,4
2016-05-16,156.0,157.0,151.5,152.0,9904800.0,-10.5,2,2,0,0,2,4
2016-05-17,153.0,156.0,153.0,154.0,8390400.0,-7.0,2,2,1,1,2,4
2016-05-18,153.5,154.0,152.5,154.0,4126200.0,-10.0,2,2,1,0,2,4
2016-05-19,155.5,156.0,153.0,154.0,5222900.0,-12.0,2,2,0,0,2,4
2016-05-23,154.0,155.5,153.0,154.0,2738900.0,-13.0,2,2,0,1,2,4
2016-05-24,155.0,155.0,153.0,153.5,2901200.0,-11.5,2,2,0,0,2,4
2016-05-25,154.5,157.5,154.5,156.5,6339800.0,-4.0,2,2,0,1,0,4
2016-05-26,157.0,159.5,157.0,158.5,4506500.0,2.0,1,2,0,0,0,4
2016-05-27,159.0,160.5,158.0,160.5,3943100.0,3.5,1,2,0,0,0,4
2016-05-30,161.5,164.0,160.5,164.0,6706000.0,9.0,1,2,0,0,1,4
2016-05-31,164.0,164.5,162.0,163.5,3610000.0,11.5,1,2,0,0,1,4
2016-06-01,163.0,165.0,162.0,163.0,3985900.0,9.0,1,2,0,0,1,4
2016-06-02,162.5,163.0,162.0,162.0,4469800.0,8.0,1,2,2,0,0,4
2016-06-03,162.5,164.0,162.5,163.0,6116300.0,9.0,1,2,2,2,1,3
2016-06-06,164.0,167.0,163.5,165.5,6309600.0,11.5,1,2,2,0,1,4
2016-06-07,166.5,167.5,165.0,165.0,5750900.0,11.5,1,2,2,0,1,3
2016-06-08,165.0,165.5,163.5,164.5,3998900.0,8.0,1,1,0,0,0,3
2016-06-09,164.5,166.0,163.5,163.5,2539600.0,5.0,1,1,0,0,0,3
2016-06-10,163.5,164.5,162.5,163.5,3902000.0,3.0,1,1,0,0,0,3
2016-06-13,162.0,162.5,160.5,162.5,6039900.0,-1.5,1,1,0,0,0,3
2016-06-14,162.0,165.0,162.0,164.0,4220100.0,0.5,1,1,0,0,0,3
2016-06-15,164.5,165.5,163.0,164.5,5681000.0,1.5,1,1,0,0,0,3
2016-06-16,163.0,163.0,157.0,158.5,8657100.0,-3.5,1,2,0,0,2,4
2016-06-17,159.0,159.0,157.0,158.0,4816400.0,-5.0,2,2,0,0,2,4
2016-06-20,158.0,159.0,155.5,157.0,4588500.0,-8.5,2,2,0,0,2,4
2016-06-21,156.5,159.0,156.0,158.0,3671500.0,-7.0,2,2,0,0,0,4
2016-06-22,159.0,159.5,157.5,158.0,2274500.0,-6.5,2,2,1,0,0,4
2016-06-23,157.0,161.0,157.0,161.0,4448800.0,-2.5,2,2,0,0,0,4
2016-06-24,156.5,159.0,155.0,158.0,7695700.0,-5.5,2,2,1,0,0,4
2016-06-27,157.0,160.0,156.0,157.5,4834800.0,-5.0,2,2,0,0,0,4
2016-06-28,157.5,159.5,157.0,159.0,3957100.0,-5.0,2,2,0,0,0,4
2016-06-29,160.0,161.5,159.0,160.0,7184600.0,-4.5,2,2,0,0,0,4
2016-06-30,161.0,161.5,157.0,158.5,7771200.0,0.0,2,2,0,0,0,4
2016-07-04,162.0,165.5,161.5,163.5,12270700.0,5.5,1,2,0,0,1,4
2016-07-05,163.5,166.5,163.5,165.0,5797300.0,8.0,1,2,0,0,1,4
2016-07-06,163.5,164.5,163.0,164.5,2832900.0,6.5,1,1,0,0,1,4
2016-07-07,165.0,165.5,163.5,164.0,4180200.0,6.0,1,1,2,0,0,4
2016-07-08,163.0,163.5,161.0,161.5,5929100.0,0.5,1,1,0,0,0,4
2016-07-11,163.0,165.0,163.0,165.0,4720800.0,7.0,1,1,2,0,1,4
2016-07-12,166.0,167.5,164.5,166.5,7231300.0,9.0,1,1,2,0,1,4
2016-07-13,167.5,167.5,165.5,166.5,3469800.0,7.5,1,1,2,0,1,4
2016-07-14,167.0,170.5,166.0,170.5,9318800.0,10.5,1,1,0,0,1,4
2016-07-15,170.0,172.5,170.0,171.5,7911800.0,13.0,1,1,0,0,1,4
2016-07-20,172.0,172.5,170.5,172.0,4533800.0,8.5,1,1,0,0,1,4
2016-07-21,172.5,172.5,170.5,171.5,2629800.0,6.5,1,1,0,0,1,4
2016-07-22,168.0,168.0,164.5,166.0,16131900.0,1.5,1,1,0,0,0,4
2016-07-25,165.0,166.0,163.0,166.0,9627900.0,2.0,1,1,0,0,0,4
2016-07-26,166.0,166.5,164.0,164.5,6082400.0,3.0,2,1,0,0,0,4
2016-07-27,165.5,166.5,164.5,165.5,5510100.0,0.5,2,1,0,0,0,4
2016-07-28,165.5,171.0,165.0,170.5,15569300.0,4.0,1,1,0,2,1,4
2016-07-29,171.0,172.0,170.0,170.5,9815800.0,4.0,1,1,2,0,1,4
2016-08-01,171.0,171.5,166.0,167.0,8565000.0,-3.5,2,1,0,0,0,4
2016-08-02,166.5,167.5,165.0,165.5,2564300.0,-6.0,2,1,0,0,0,4
2016-08-03,165.5,170.0,165.5,169.0,4804900.0,-3.0,2,1,0,0,0,4
2016-08-04,169.0,169.5,167.0,167.0,3231100.0,-4.5,2,1,0,0,0,4
2016-08-05,169.0,169.5,168.0,168.0,4855300.0,2.0,2,1,0,0,0,4
2016-08-08,172.0,175.0,171.5,174.5,10291700.0,8.5,1,1,0,0,1,4
2016-08-09,174.5,177.0,173.0,176.5,7724100.0,12.0,1,1,0,2,1,4
2016-08-10,176.5,178.0,174.5,176.5,6583700.0,11.0,1,1,0,2,1,4
2016-08-11,175.5,177.0,174.0,175.0,5817500.0,4.5,1,1,2,2,0,4
2016-08-15,173.5,178.0,173.5,177.0,5429500.0,6.5,1,1,2,0,1,4
2016-08-16,178.5,178.5,173.0,174.0,6488800.0,7.0,1,1,0,0,0,4
2016-08-17,173.5,174.0,171.0,173.5,7769900.0,8.0,1,1,0,0,0,4
2016-08-18,174.0,179.0,174.0,177.5,9546600.0,8.5,1,1,2,2,1,4
2016-08-19,177.5,178.0,175.0,175.0,4084600.0,8.0,1,1,0,2,0,4
2016-08-22,175.0,177.5,175.0,176.5,3821800.0,8.5,1,1,0,0,1,4
2016-08-23,175.5,175.5,173.5,174.5,4580600.0,0.0,1,1,0,0,0,4
2016-08-24,174.0,176.0,173.0,175.0,10342400.0,-1.5,2,1,0,0,0,4
2016-08-25,174.5,175.0,171.5,171.5,7830200.0,-5.0,2,1,1,0,0,4
2016-08-26,172.0,173.5,172.0,172.5,5550600.0,-2.5,2,1,0,0,2,4
2016-08-29,172.5,173.0,171.0,172.0,2803200.0,-5.0,2,1,0,0,2,4
2016-08-30,172.5,173.0,171.0,171.0,4575800.0,-3.0,2,1,0,0,2,4
2016-08-31,170.5,171.0,169.0,169.5,6484400.0,-4.0,2,1,0,0,2,4
2016-09-01,169.0,169.5,167.5,168.0,7301800.0,-9.5,2,1,0,0,2,4
2016-09-02,168.0,169.5,167.5,168.5,5311200.0,-6.5,2,1,0,0,2,4
2016-09-05,169.5,170.5,166.0,167.5,4513300.0,-9.0,2,1,0,1,2,4
2016-09-06,165.5,166.0,164.5,165.0,5237500.0,-9.5,2,1,0,1,2,4
2016-09-07,165.5,168.5,165.0,165.0,5180300.0,-10.0,2,2,1,0,2,4
2016-09-08,165.5,166.5,162.5,162.5,6580700.0,-9.0,2,2,0,0,2,4
2016-09-09,162.5,164.5,161.5,164.5,3185400.0,-8.0,2,2,0,1,0,4
2016-09-12,162.5,163.5,161.5,163.0,5763400.0,-9.0,2,2,0,0,2,4
2016-09-13,165.0,168.5,164.5,168.5,9722700.0,-2.5,2,2,0,0,0,4
2016-09-14,167.0,170.0,167.0,168.0,6594400.0,-1.5,2,2,0,0,0,4
2016-09-15,167.5,168.5,166.0,167.0,2980500.0,-1.0,2,2,0,0,0,4
2016-09-16,167.0,168.0,166.0,168.0,2113500.0,-0.5,2,2,0,0,0,4
2016-09-19,168.0,169.0,166.5,168.0,1933500.0,0.5,1,2,0,0,0,4
2016-09-20,167.5,167.5,165.5,166.0,2172000.0,1.0,2,2,0,0,0,4
2016-09-21,166.5,168.0,166.5,166.5,3915400.0,1.5,1,2,0,0,0,3
2016-09-22,168.5,169.0,166.5,168.0,2939600.0,5.5,1,2,0,0,0,3
2016-09-23,167.0,168.0,165.0,167.0,4064800.0,2.5,1,2,0,0,0,3
2016-09-26,164.0,165.0,163.5,164.5,4051300.0,1.5,2,2,1,0,0,4
2016-09-27,164.5,165.0,163.0,163.0,3319700.0,-5.5,2,2,1,0,2,3
2016-09-28,163.0,163.0,162.0,162.0,3464300.0,-6.0,2,2,0,0,2,3
2016-09-29,164.0,164.5,162.0,163.0,3796600.0,-4.0,2,2,1,0,2,3
2016-09-30,162.5,163.5,162.0,162.5,2323800.0,-5.5,2,2,1,0,2,3
2016-10-03,163.5,163.5,163.0,163.0,672800.0,-5.0,2,2,0,0,2,3
2016-10-04,164.0,167.0,163.0,167.0,6445700.0,1.0,1,2,0,0,0,3
2016-10-05,167.0,168.0,166.0,167.0,3463100.0,0.5,1,2,0,0,0,3
2016-10-06,167.5,168.0,166.5,166.5,2597200.0,-1.5,1,2,0,0,0,3
2016-10-07,165.0,166.0,164.5,165.0,2971800.0,-2.0,1,2,0,0,0,3
2016-10-10,160.5,162.0,159.0,161.0,5524500.0,-3.5,1,2,0,0,0,3
2016-10-11,161.5,161.5,156.0,157.0,11313300.0,-6.0,2,2,0,1,2,3
2016-10-12,156.5,157.0,151.0,154.0,13082500.0,-8.0,2,2,0,1,2,4
2016-10-13,153.0,155.0,151.0,155.0,12336600.0,-8.0,2,2,0,0,0,4
2016-10-14,163.0,164.5,160.0,161.0,10311100.0,-1.5,2,2,0,0,0,4
2016-10-17,159.0,159.5,157.5,158.5,7681100.0,-4.5,2,2,0,0,0,4
2016-10-18,158.5,159.0,154.0,154.5,8455400.0,-12.5,2,2,1,0,0,4
2016-10-19,154.5,157.5,154.0,157.5,5234700.0,-9.5,2,2,0,0,0,4
2016-10-20,158.0,162.0,157.5,162.0,6244900.0,-4.5,2,2,0,0,0,4
2016-10-21,160.0,164.0,159.0,163.5,5917600.0,-1.5,1,2,0,0,0,4
2016-10-25,162.5,163.0,161.0,162.0,2988800.0,1.0,1,2,0,0,0,4
2016-10-26,162.0,162.0,158.5,159.5,3982900.0,2.5,1,2,0,0,0,4
2016-10-27,159.5,161.0,159.5,161.0,3347700.0,7.0,1,2,0,0,0,4
2016-10-28,161.0,161.5,159.5,160.5,3164300.0,5.5,1,2,0,0,0,4
2016-10-31,160.5,161.5,159.5,159.5,3000600.0,-1.5,1,2,0,0,0,4
2016-11-01,160.0,160.5,159.0,159.5,2161200.0,1.0,1,2,0,0,0,4
2016-11-02,159.0,159.0,156.0,157.5,4039900.0,3.0,1,2,0,0,0,4
2016-11-03,157.5,158.0,156.0,156.0,2137400.0,-1.5,2,2,1,0,2,4
2016-11-04,155.5,155.5,153.5,153.5,6102700.0,-8.5,2,2,0,0,2,4
2016-11-07,154.5,158.0,154.5,156.0,3975600.0,-7.5,2,2,0,0,0,4
2016-11-08,157.0,160.0,157.0,159.0,5342800.0,-3.0,2,2,0,0,0,4
2016-11-09,158.0,161.5,157.0,161.0,6333200.0,1.5,1,2,0,0,0,4
2016-11-10,162.5,163.0,161.5,162.0,9724100.0,1.0,1,2,2,0,1,4
2016-11-11,161.0,161.5,159.5,160.0,3072900.0,-0.5,1,2,0,0,0,4
2016-11-14,158.0,158.5,156.5,156.5,2747900.0,-3.0,1,2,0,0,0,4
2016-11-15,157.0,157.5,155.5,156.0,3480100.0,-3.5,1,2,0,0,0,4
2016-11-16,157.0,157.0,155.0,155.0,3091800.0,-2.5,2,2,1,0,2,4
2016-11-17,155.0,156.0,154.5,156.0,3420100.0,0.0,2,2,1,0,0,3
2016-11-18,156.0,158.0,155.5,156.5,1743600.0,3.0,2,2,0,0,0,3
2016-11-21,156.5,157.5,156.0,156.0,1734100.0,0.0,2,2,0,0,0,3
2016-11-22,156.5,157.0,156.0,156.0,1071800.0,-3.0,2,2,0,0,0,3
2016-11-23,156.5,157.0,156.0,157.0,831200.0,-4.0,1,2,0,0,0,3
2016-11-24,157.0,157.0,155.5,155.5,1892800.0,-6.5,1,2,0,0,2,3
2016-11-25,155.5,156.0,154.5,155.0,2678400.0,-5.0,2,2,1,0,2,3
2016-11-28,155.5,155.5,154.5,154.5,1801400.0,-2.0,2,2,1,0,2,3
2016-11-29,155.5,156.0,154.5,154.5,1122000.0,-1.5,2,2,1,0,2,3
2016-11-30,154.0,156.0,154.0,156.0,2720000.0,1.0,1,2,0,0,0,3
2016-12-01,156.5,156.5,155.0,156.0,2019400.0,0.0,1,2,0,0,0,3
2016-12-02,155.5,156.0,155.0,155.5,1373600.0,-1.0,1,2,0,0,0,3
2016-12-06,155.5,156.0,154.5,155.0,1805200.0,-1.0,1,2,0,0,0,3
2016-12-07,154.5,156.0,154.5,155.5,3293700.0,-0.5,1,2,0,0,0,3
2016-12-08,156.5,158.0,156.5,157.0,3119000.0,0.0,1,2,0,0,0,3
2016-12-09,157.5,159.0,157.5,158.5,2999200.0,3.0,1,2,0,0,1,3
2016-12-13,158.0,160.0,157.5,159.5,4863700.0,4.5,1,2,0,0,1,3
2016-12-14,159.0,159.5,157.0,158.0,3831400.0,3.5,1,2,2,0,0,3
2016-12-15,156.5,157.5,155.5,157.0,2789500.0,2.5,1,2,0,0,0,3
2016-12-16,157.0,158.0,156.5,157.5,1032700.0,1.5,1,2,0,0,0,3
2016-12-19,157.0,157.5,156.0,157.0,2076300.0,1.0,1,2,0,0,0,3
2016-12-20,156.0,157.0,155.5,156.0,2563700.0,0.5,1,2,0,0,0,3
2016-12-21,157.0,157.5,155.5,155.5,1888200.0,0.5,1,2,0,0,0,3
2016-12-22,155.5,157.5,155.5,156.5,1558900.0,1.0,1,2,0,0,0,3
2016-12-23,156.5,158.0,155.5,158.0,2080600.0,1.0,1,2,0,0,0,3
2016-12-26,158.0,158.0,157.0,157.5,969400.0,-1.0,1,2,0,0,0,2
2016-12-27,157.5,159.0,157.0,158.0,1224700.0,-1.5,1,2,0,0,0,2
2016-12-28,158.0,158.5,157.0,158.0,907600.0,0.0,1,2,0,0,0,2
2016-12-29,158.0,159.5,157.5,159.0,1983200.0,2.0,1,2,2,0,0,2
2016-12-30,158.5,159.5,158.0,159.5,1655100.0,2.0,1,2,0,0,1,2
2017-01-04,159.5,163.5,159.5,163.0,4611800.0,6.0,1,1,0,0,1,3
2017-01-05,163.0,164.5,163.0,164.0,4460400.0,8.0,1,1,0,0,1,3
2017-01-06,164.0,164.5,162.5,164.5,2373300.0,9.0,1,1,0,0,1,3
2017-01-09,163.0,164.5,163.0,164.0,2430100.0,7.5,1,1,0,0,1,2
2017-01-10,164.5,169.5,164.5,168.0,11248900.0,10.0,1,1,0,0,1,3
2017-01-11,168.5,169.5,167.0,167.0,3996000.0,9.5,1,1,0,0,1,3
2017-01-12,167.0,167.5,166.0,166.0,2612300.0,8.0,1,1,2,0,0,3
2017-01-16,169.0,169.0,165.5,168.5,2776200.0,10.5,1,1,2,0,1,3
2017-01-17,166.5,167.5,166.0,167.0,2269900.0,8.0,1,1,0,2,0,3
2017-01-18,166.0,167.5,166.0,166.0,2305100.0,6.5,1,1,0,0,0,3
2017-01-19,166.0,166.0,165.0,166.0,1749800.0,3.0,1,1,0,0,0,3
2017-01-20,165.0,168.5,165.0,168.5,4004400.0,4.5,1,1,0,2,1,3
2017-01-23,168.5,168.5,166.5,168.0,1726000.0,3.5,1,1,0,0,1,3
2017-01-24,168.0,171.5,167.0,171.0,5433000.0,7.0,1,1,0,0,1,3
2017-01-25,171.5,175.5,171.5,175.5,10646900.0,7.5,1,1,0,0,1,3
2017-01-26,176.0,176.0,175.0,176.0,5349300.0,9.0,1,1,0,0,1,3
2017-01-27,175.0,175.0,173.0,174.0,3782400.0,8.0,1,1,0,0,1,3
2017-01-30,173.0,175.5,173.0,174.5,1487100.0,6.0,1,1,2,0,1,3
2017-01-31,174.0,174.5,172.5,174.5,5165000.0,7.5,1,1,2,0,1,3
2017-02-01,174.5,175.5,173.5,175.5,5953500.0,9.5,1,1,2,0,1,3
2017-02-02,175.0,177.0,174.5,175.5,5250500.0,9.5,1,1,2,0,1,3
2017-02-03,175.0,178.5,175.0,178.5,5470600.0,10.0,1,1,2,0,1,3
2017-02-06,178.5,181.5,178.5,180.5,8150800.0,12.5,1,1,0,0,1,3
2017-02-07,180.5,181.0,179.0,180.0,3648600.0,9.0,1,1,0,0,1,3
2017-02-08,180.0,180.0,178.5,179.0,2574200.0,3.5,1,1,2,0,1,3
2017-02-09,179.5,182.5,179.5,181.0,7290700.0,5.0,1,1,0,2,1,3
2017-02-10,182.0,182.5,181.0,182.5,3589100.0,8.5,1,1,0,0,1,3
2017-02-14,182.0,182.5,179.0,179.0,2841700.0,4.5,1,1,0,0,0,3
2017-02-15,179.0,179.0,175.5,179.0,5398500.0,4.5,2,1,0,0,0,3
2017-02-16,178.0,180.0,177.0,180.0,1664200.0,4.5,2,1,0,0,0,3
2017-02-17,180.5,181.0,180.0,180.0,1498800.0,4.5,2,1,0,0,0,3
2017-02-20,180.0,180.5,179.0,180.0,855800.0,1.5,2,1,0,0,0,3
2017-02-21,180.0,180.5,177.0,177.0,1898500.0,-3.5,2,1,0,0,0,3
2017-02-22,178.0,178.0,176.0,177.0,1768800.0,-3.0,2,1,1,0,0,3
2017-02-23,176.5,177.0,174.0,176.5,3729800.0,-2.5,2,1,0,0,0,3
2017-02-24,176.0,177.0,175.5,176.5,1425200.0,-4.5,2,1,0,0,0,3
2017-02-27,175.5,177.0,175.0,177.0,1637500.0,-5.5,2,1,1,0,0,3
2017-02-28,176.0,179.0,176.0,177.5,2176700.0,-1.5,2,1,0,0,0,3
2017-03-01,178.5,181.0,178.0,181.0,4067000.0,2.0,2,1,0,0,1,3
2017-03-02,181.5,183.0,181.0,183.0,4194500.0,3.0,2,1,0,0,1,3
2017-03-03,182.5,183.0,182.0,182.5,1658700.0,2.5,2,1,0,0,1,3
2017-03-06,182.0,182.5,179.5,180.0,1190200.0,0.0,2,1,0,0,0,3
2017-03-07,180.5,182.5,180.0,182.0,2136500.0,5.0,2,1,2,0,1,3
2017-03-08,181.5,182.5,179.0,182.5,2378000.0,5.5,2,1,0,0,1,3
2017-03-09,182.5,182.5,181.5,182.0,1139100.0,5.5,2,1,2,0,1,3
2017-03-10,181.5,182.0,181.0,182.0,589700.0,5.5,2,1,0,0,1,3
2017-03-13,182.0,182.5,180.5,182.0,1107800.0,5.0,2,1,0,0,1,3
2017-03-14,182.0,184.0,181.5,182.5,3806900.0,5.0,2,1,0,0,1,3
2017-03-15,182.0,183.5,182.0,182.0,1645600.0,1.0,2,1,0,0,0,3
2017-03-16,183.0,185.0,182.5,184.0,3868900.0,1.0,2,1,0,0,1,3
2017-03-17,184.0,185.0,183.5,185.0,2219600.0,2.5,2,1,0,0,1,3
2017-03-20,185.5,186.0,184.5,185.5,2166800.0,5.5,1,1,0,0,1,3
2017-03-21,184.5,185.5,184.5,185.0,1640100.0,3.0,1,1,0,0,1,3
2017-03-22,183.0,184.0,182.5,182.5,3069800.0,0.0,2,1,0,0,0,3
2017-03-23,183.0,184.0,183.0,183.0,1784700.0,1.0,2,1,0,0,0,3
2017-03-24,183.0,184.0,182.5,183.0,2089900.0,1.0,2,1,0,0,0,3
2017-03-27,182.0,182.5,181.5,181.5,2644000.0,-0.5,2,1,0,0,0,2
2017-03-28,182.0,183.0,181.0,181.0,2957900.0,-1.5,2,1,1,0,2,2
2017-03-29,181.5,182.5,180.5,181.0,2189800.0,-1.0,2,1,1,0,2,2
2017-03-30,181.0,181.5,179.5,181.5,5409500.0,-2.5,2,1,0,0,0,2
2017-03-31,181.5,182.5,180.0,181.5,2031300.0,-3.5,2,1,1,0,0,3
2017-04-03,181.0,181.5,180.0,181.0,1603400.0,-4.5,2,1,1,0,0,2
2017-04-04,181.0,182.0,180.5,182.0,3051800.0,-3.0,2,1,0,0,0,2
2017-04-05,181.5,182.5,181.5,181.5,3128100.0,-1.0,2,1,0,0,0,2
2017-04-07,181.0,183.5,180.5,183.0,4079000.0,0.0,2,1,0,0,0,2
2017-04-10,183.0,183.0,182.5,182.5,2031000.0,-0.5,2,1,0,0,0,2
2017-04-11,183.5,188.0,183.5,187.5,12765200.0,6.0,1,1,0,0,1,3
2017-04-12,188.0,188.5,186.5,186.5,6436000.0,5.5,1,1,0,0,0,3
2017-04-17,186.0,187.5,186.0,186.5,3434500.0,5.5,1,1,0,0,0,3
2017-04-18,187.0,188.5,186.5,188.0,7577000.0,6.5,1,1,0,0,1,3
2017-04-19,187.0,187.5,183.0,183.5,9109800.0,2.0,1,1,0,0,0,3
2017-04-20,179.0,181.0,178.5,180.0,4072100.0,-1.0,2,1,1,0,2,3
2017-04-21,177.0,178.5,176.5,178.5,8135300.0,-3.5,2,1,0,0,2,3
2017-04-24,179.0,180.0,178.5,180.0,6159300.0,-1.5,2,1,1,0,0,3
2017-04-25,180.5,180.5,178.0,180.0,4514300.0,-3.0,2,1,1,0,0,3
2017-04-26,180.0,181.0,179.5,180.0,4463200.0,-2.5,2,1,0,0,0,3
2017-04-27,180.0,180.5,179.5,179.5,2788600.0,-8.0,2,1,0,0,0,3
2017-04-28,180.0,180.5,179.0,179.5,3240200.0,-7.0,2,1,0,0,0,3
2017-05-02,179.5,181.0,177.5,180.0,5066000.0,-6.5,2,1,0,0,0,3
2017-05-03,180.5,182.0,180.5,180.5,3385600.0,-7.5,2,1,0,0,0,3
2017-05-04,181.0,182.0,180.5,182.0,3169200.0,-1.5,2,1,0,0,0,3
2017-05-08,181.5,183.5,181.5,181.5,6471400.0,1.5,2,1,0,0,0,3
2017-05-09,182.0,182.5,180.0,180.5,2836900.0,2.0,2,1,0,0,0,3
2017-05-11,182.0,182.0,179.5,181.5,5393900.0,1.5,2,1,0,0,0,3
2017-05-12,181.0,181.5,177.0,179.0,8013300.0,-1.0,2,1,0,0,0,3
2017-05-15,179.5,179.5,179.5,179.5,844800.0,-0.5,2,1,0,0,0,3
2017-05-16,179.5,179.5,177.0,178.0,5544100.0,-1.5,2,2,0,0,2,3
2017-05-17,178.0,180.5,178.0,179.5,2969700.0,0.0,2,2,0,0,0,3
2017-05-18,178.5,180.5,177.5,180.0,4227300.0,0.0,2,2,0,0,0,3
2017-05-19,180.0,180.0,178.5,180.0,1922900.0,-0.5,2,2,0,0,0,3
2017-05-22,180.5,181.5,179.5,180.5,3481300.0,-1.5,2,2,0,0,0,3
2017-05-23,181.0,182.5,180.5,182.0,3486300.0,0.5,1,1,2,0,0,3
2017-05-24,182.0,182.5,181.0,181.5,1881700.0,1.0,1,1,2,0,0,3
2017-05-25,182.0,183.0,181.5,182.0,2303300.0,0.5,1,1,2,0,0,3
2017-05-26,182.0,182.0,180.0,180.0,1260500.0,1.0,1,1,0,0,0,3
2017-05-29,180.0,181.0,180.0,180.5,728900.0,1.0,1,1,0,0,0,3
2017-05-30,180.0,180.5,179.5,180.0,644500.0,2.0,1,1,0,0,0,2
2017-05-31,180.0,180.5,179.0,180.0,1622800.0,0.5,1,1,0,0,0,2
2017-06-01,180.0,181.0,179.0,181.0,1787400.0,1.0,1,1,0,0,0,2
2017-06-02,181.0,182.0,180.0,180.5,933600.0,0.5,1,1,0,0,0,2
2017-06-05,181.0,182.5,180.5,181.5,2193500.0,1.0,1,1,2,0,0,2
2017-06-06,181.5,182.0,179.5,180.0,2205200.0,-2.0,1,1,0,0,0,3
2017-06-07,180.0,181.0,179.5,181.0,2130700.0,-0.5,1,1,0,0,0,2
2017-06-08,181.0,181.0,179.5,180.0,2323300.0,-2.0,1,1,0,0,0,2
2017-06-09,180.0,180.5,178.5,179.0,3309100.0,-1.0,2,2,0,0,2,2
2017-06-12,179.5,180.0,178.5,180.0,1815600.0,-0.5,2,2,1,0,0,2
2017-06-13,180.5,181.0,179.5,180.0,3666200.0,0.0,2,2,0,0,0,2
2017-06-14,180.0,180.5,179.0,180.0,2296200.0,0.0,2,2,0,0,0,2
2017-06-15,180.0,180.0,178.0,179.0,2231500.0,-2.0,2,2,0,0,0,2
2017-06-16,179.5,180.5,179.5,180.0,2257100.0,-0.5,2,2,0,0,0,2
2017-06-19,180.5,181.0,179.5,180.5,3272800.0,-1.0,1,2,0,0,0,2
2017-06-20,180.5,181.5,180.0,181.0,2172500.0,1.0,1,2,2,0,0,2
2017-06-21,181.0,182.5,180.0,180.0,4131200.0,-1.0,1,2,0,0,0,2
2017-06-22,180.5,181.5,180.0,181.0,1734800.0,1.0,1,1,0,0,0,2
2017-06-23,181.0,181.5,180.5,181.0,3846800.0,2.0,1,1,2,0,0,2
2017-06-26,181.5,182.0,181.0,181.5,3418300.0,1.5,1,1,0,0,0,2
2017-06-27,181.5,182.0,181.5,182.0,2200400.0,2.0,1,1,0,0,1,2
2017-06-28,182.5,184.0,182.0,183.5,6174500.0,3.5,1,1,0,0,1,2
2017-06-29,184.5,186.0,183.5,184.0,6871900.0,5.0,1,1,0,0,0,2
2017-06-30,184.0,185.5,184.0,185.0,4352500.0,5.0,1,1,0,0,1,2
2017-07-03,185.5,186.0,185.0,185.0,1273400.0,4.5,1,1,0,0,1,2
2017-07-04,185.5,185.5,184.5,184.5,1545200.0,3.5,1,1,2,0,1,2
2017-07-05,185.0,186.0,184.5,185.5,2642600.0,5.5,1,1,2,0,1,2
2017-07-06,185.0,186.0,184.5,185.5,1924600.0,4.5,1,1,2,0,1,2
2017-07-07,185.5,185.5,184.0,185.0,1647300.0,4.0,1,1,0,0,1,2
2017-07-11,185.5,188.0,185.0,187.0,7943200.0,5.5,1,1,2,0,1,2
2017-07-12,187.0,188.5,187.0,187.5,5926500.0,5.5,1,1,0,0,1,2
2017-07-13,188.5,189.5,188.5,189.5,7349600.0,6.0,1,1,0,0,1,2
2017-07-14,190.0,190.0,187.0,188.5,4221100.0,4.5,1,1,0,0,1,2
2017-07-17,189.5,190.0,188.5,188.5,4323800.0,3.5,1,1,0,0,1,2
2017-07-18,189.0,189.0,185.0,186.0,6360600.0,1.0,1,1,0,0,0,2
2017-07-19,185.5,186.0,184.5,184.5,3167400.0,0.0,2,1,0,0,2,2
2017-07-20,184.0,184.5,181.0,182.5,4821200.0,-3.0,2,1,0,0,2,3
2017-07-21,182.0,182.5,180.0,180.5,8650400.0,-5.0,2,1,0,0,2,3
2017-07-24,180.5,181.0,180.0,180.0,3269500.0,-5.0,2,1,0,0,2,2
2017-07-25,180.5,181.5,180.0,180.0,4043300.0,-7.0,2,1,0,0,2,2
2017-07-26,180.5,181.5,180.0,180.5,4757100.0,-7.0,2,1,1,0,2,2
2017-07-27,181.0,181.5,179.5,181.5,4232300.0,-8.0,2,2,1,0,2,2
2017-07-31,181.5,182.0,177.5,179.5,8177100.0,-9.0,2,2,1,0,2,3
2017-08-01,179.0,180.5,178.0,179.5,2994500.0,-9.0,2,2,1,0,2,3
2017-08-02,180.0,180.5,179.0,180.0,3230900.0,-6.0,2,2,0,0,0,3
2017-08-03,180.0,182.0,179.5,182.0,3563600.0,-2.5,2,2,0,0,0,3
2017-08-04,181.5,182.0,179.0,179.0,2222100.0,-3.5,2,2,0,0,2,3
2017-08-07,179.0,181.0,178.5,180.5,1803700.0,0.0,2,2,0,0,0,3
2017-08-08,180.5,182.5,180.0,181.0,3220800.0,1.0,2,2,0,0,0,3
2017-08-09,181.5,181.5,180.0,181.0,1514200.0,1.0,2,2,0,0,0,3
2017-08-10,180.5,181.5,180.0,181.5,927500.0,1.0,2,2,0,0,0,3
2017-08-11,180.5,182.0,179.5,181.0,3103700.0,-0.5,2,2,0,0,0,3
2017-08-15,181.5,182.0,180.0,180.5,2344200.0,1.0,2,2,0,0,0,3
2017-08-16,180.0,180.5,178.0,178.5,3213400.0,-1.0,2,2,0,0,0,3
2017-08-17,178.5,179.5,178.0,179.0,1077700.0,-1.0,2,2,0,0,0,3
2017-08-18,179.0,180.5,178.5,179.5,1172400.0,-2.5,2,2,0,0,0,3
2017-08-21,180.0,181.5,180.0,181.0,1276300.0,2.0,2,2,0,0,0,3
2017-08-22,181.5,184.0,181.5,183.5,4879800.0,3.0,1,2,0,0,1,3
2017-08-23,184.0,184.5,182.5,183.5,3275800.0,2.5,1,2,0,0,1,3
2017-08-24,184.0,184.0,181.5,181.5,3193900.0,0.5,1,2,2,0,0,3
2017-08-25,181.5,182.5,181.0,181.5,2140400.0,0.0,1,2,0,0,0,3
2017-08-28,183.0,183.0,183.0,183.0,311700.0,2.0,1,2,2,0,0,3
2017-08-29,183.0,187.5,182.5,186.0,8299000.0,5.5,1,1,0,0,1,3
2017-08-30,187.0,187.5,186.0,186.0,3809900.0,7.5,1,1,0,0,1,3
2017-08-31,186.0,186.5,184.0,184.5,3008000.0,5.5,1,1,2,0,0,3
2017-09-01,185.0,187.5,184.5,186.0,4071000.0,6.5,1,1,2,0,1,3
2017-09-04,186.0,187.0,185.0,186.0,2714500.0,5.0,1,1,2,0,1,3
2017-09-05,184.0,184.5,183.5,183.5,1038900.0,0.0,1,1,0,0,0,3
2017-09-06,183.5,184.0,182.5,184.0,1897200.0,0.5,1,1,0,0,0,3
2017-09-07,184.5,187.0,184.5,186.0,4502300.0,4.5,1,1,2,0,0,3
2017-09-08,187.0,189.5,186.5,186.5,7609900.0,5.0,1,1,0,0,0,3
2017-09-11,187.0,189.5,187.0,189.0,4054900.0,6.0,1,1,0,0,1,3
2017-09-12,190.0,190.0,188.0,188.0,3253300.0,2.0,1,1,0,0,0,3
2017-09-13,188.0,189.5,188.0,188.0,2478700.0,2.0,1,1,2,0,0,3
2017-09-14,188.5,190.5,187.5,190.0,4760400.0,5.5,1,1,0,0,1,3
2017-09-15,190.0,191.5,189.5,190.5,7332000.0,4.5,1,1,0,0,1,3
2017-09-18,191.0,193.0,191.0,191.5,5346400.0,5.5,1,1,0,0,1,3
2017-09-19,191.5,191.5,189.0,189.5,4323800.0,6.0,1,1,0,0,0,3
2017-09-20,189.0,189.5,186.5,187.5,6048700.0,3.5,1,1,0,0,0,3
2017-09-21,186.5,187.5,186.5,187.0,3041000.0,1.0,2,1,0,0,0,3
2017-09-22,186.0,186.5,184.5,185.5,4565800.0,-1.0,2,1,0,0,0,3
2017-09-25,185.0,187.0,184.5,186.5,1762100.0,-2.5,2,1,0,0,0,3
2017-09-26,187.5,187.5,185.5,186.0,2488500.0,-2.0,2,1,0,0,2,3
2017-09-27,186.0,186.5,184.5,185.5,2741400.0,-2.5,2,1,1,0,2,3
2017-09-28,186.5,186.5,184.0,184.5,2871300.0,-5.5,2,1,1,0,2,3
2017-09-29,184.5,187.0,184.5,186.5,2205000.0,-4.0,2,1,0,0,0,3
2017-10-02,186.5,189.5,186.5,189.0,4797500.0,-2.5,2,1,0,0,0,3
2017-10-03,189.5,189.5,188.0,188.0,3045400.0,-1.5,2,1,0,0,0,3
2017-10-04,189.0,189.5,187.0,188.0,2642400.0,0.5,2,1,0,0,0,3
2017-10-05,188.5,189.5,187.5,189.0,2324900.0,2.0,2,1,0,0,0,3
2017-10-06,189.0,189.5,187.5,188.0,2313100.0,2.5,2,1,0,0,0,3
2017-10-09,188.5,188.5,187.5,187.5,734600.0,1.0,2,1,0,0,0,3
2017-10-10,188.0,190.0,186.0,189.5,4294800.0,3.5,1,1,0,0,1,3
2017-10-11,190.0,191.5,190.0,190.0,6130700.0,4.5,1,1,0,0,0,3
2017-10-12,191.0,191.0,188.5,189.0,2881300.0,4.5,1,1,2,0,0,3
2017-10-16,194.5,194.5,194.5,194.5,473700.0,8.0,1,1,0,0,1,3
2017-10-17,194.5,196.5,194.5,196.0,6942300.0,7.0,1,1,0,2,1,3
2017-10-18,195.0,195.5,193.0,193.5,2976000.0,5.5,1,1,0,0,0,3
2017-10-19,192.5,193.5,189.5,189.5,3753700.0,1.5,1,1,0,0,0,3
2017-10-20,189.5,192.5,187.0,192.5,3342300.0,3.5,1,1,0,0,0,3
2017-10-24,192.5,193.5,190.0,190.0,2583600.0,2.0,1,1,0,0,0,3
2017-10-25,190.5,191.0,188.0,188.0,3906200.0,0.5,2,1,0,0,2,3
2017-10-27,188.5,189.5,187.5,188.5,2748300.0,-1.0,2,1,0,0,0,3
2017-10-30,189.5,190.0,187.5,189.0,3952400.0,-1.0,2,1,0,0,0,3
2017-10-31,189.5,193.0,189.0,193.0,4773900.0,4.0,2,1,0,0,0,3
2017-11-01,193.0,195.0,192.0,194.5,4747100.0,0.0,1,1,2,0,1,3
2017-11-02,193.0,193.5,191.5,192.0,3103800.0,-4.0,1,1,0,0,0,3
2017-11-03,191.5,192.0,190.0,192.0,3192200.0,-1.5,1,1,0,0,0,3
2017-11-06,191.0,192.0,189.5,192.0,2386300.0,2.5,2,1,0,0,0,3
2017-11-07,192.0,192.0,189.5,190.0,3027000.0,-2.5,2,1,0,0,0,3
2017-11-08,190.0,193.0,189.5,191.0,3047100.0,1.0,2,1,0,0,0,3
2017-11-09,191.5,192.5,191.0,191.5,1642700.0,3.5,2,1,0,0,0,3
2017-11-10,191.5,192.0,190.0,191.5,1221900.0,3.0,2,1,0,0,0,3
2017-11-13,190.0,190.5,189.0,190.5,1707900.0,1.5,2,1,0,0,0,3
2017-11-14,190.5,193.0,190.0,193.0,2192100.0,0.0,2,1,0,0,0,3
2017-11-15,191.5,193.0,191.0,193.0,1808800.0,-1.5,2,1,0,0,0,3
2017-11-16,194.0,198.0,194.0,196.0,10776700.0,4.0,1,1,0,0,1,3
2017-11-17,197.0,197.5,196.0,196.5,6428800.0,4.5,1,1,0,0,1,3
2017-11-20,197.0,197.5,195.5,195.5,2771900.0,3.5,1,1,0,0,0,3
2017-11-21,196.0,196.0,196.0,196.0,2512300.0,6.0,1,1,2,0,0,3
2017-11-22,196.0,200.0,196.0,199.5,5632000.0,8.5,1,1,0,0,1,3
2017-11-23,199.5,199.5,197.5,199.0,2216000.0,7.5,1,1,2,0,1,3
2017-11-24,198.5,199.5,197.5,199.5,2329100.0,8.0,1,1,2,0,1,3
2017-11-27,199.0,199.0,197.5,198.5,1789900.0,8.0,1,1,0,0,1,3
2017-11-28,197.5,199.0,197.5,197.5,1497500.0,4.5,1,1,0,0,0,3
2017-11-29,197.5,203.0,197.5,203.0,8516900.0,10.0,1,1,0,0,1,3
2017-11-30,202.0,203.0,199.5,199.5,6577900.0,3.5,1,1,2,0,0,3
2017-12-01,201.0,203.0,200.0,203.0,3291700.0,6.5,1,1,0,0,1,3
2017-12-04,204.0,205.0,201.0,203.0,2320800.0,7.5,1,1,0,0,1,3
2017-12-06,201.0,204.0,200.0,203.0,2432300.0,7.0,1,1,2,0,1,3
2017-12-07,203.0,205.0,202.0,205.0,2422500.0,5.5,1,1,0,0,1,3
2017-12-08,204.0,206.0,204.0,205.0,1782100.0,6.0,1,1,0,0,1,3
2017-12-12,205.0,206.0,204.0,206.0,1091100.0,6.5,1,1,0,0,1,3
2017-12-13,205.0,206.0,202.0,203.0,3718300.0,4.5,1,1,0,0,0,3
2017-12-14,204.0,205.0,202.0,204.0,2865300.0,6.5,1,1,0,0,0,3
2017-12-15,204.0,204.0,202.0,204.0,2055700.0,1.0,1,1,0,0,0,3
2017-12-18,204.0,206.0,203.0,203.0,2993400.0,3.5,2,1,0,0,0,3
2017-12-19,204.0,207.0,204.0,206.0,5176500.0,3.0,2,1,2,0,1,3
2017-12-20,206.0,207.0,205.0,206.0,1908000.0,3.0,2,1,0,0,1,3
2017-12-21,206.0,207.0,205.0,205.0,990900.0,2.0,2,1,2,0,0,3
2017-12-22,206.0,207.0,204.0,205.0,1485500.0,0.0,2,1,0,0,0,3
2017-12-25,205.0,206.0,204.0,206.0,2155000.0,1.0,2,1,0,0,1,3
2017-12-26,205.0,206.0,204.0,204.0,2163100.0,-2.0,2,1,0,0,0,3
2017-12-27,204.0,205.0,203.0,203.0,2218100.0,0.0,2,1,1,0,0,3
2017-12-28,203.0,204.0,200.0,201.0,3714600.0,-3.0,2,1,0,0,2,3
2017-12-29,201.0,203.0,201.0,202.0,1728400.0,-2.0,2,1,0,0,0,3
2018-01-03,202.0,207.0,202.0,205.0,4954100.0,2.0,2,1,0,0,0,3
2018-01-04,206.0,207.0,205.0,205.0,4338700.0,-1.0,2,1,0,0,0,3
2018-01-05,206.0,210.0,206.0,206.0,9987000.0,0.0,2,1,0,0,0,3
2018-01-08,207.0,209.0,206.0,207.0,3930000.0,2.0,2,1,0,0,0,3
2018-01-09,208.0,208.0,208.0,208.0,390100.0,3.0,2,1,0,0,0,3
2018-01-10,208.0,210.0,206.0,206.0,3364600.0,0.0,2,1,2,0,0,3
2018-01-11,206.0,208.0,204.0,208.0,4677600.0,4.0,1,1,0,0,0,3
2018-01-12,209.0,211.0,207.0,209.0,6017100.0,6.0,1,1,0,0,1,4
2018-01-15,210.0,213.0,210.0,212.0,5910800.0,11.0,1,1,0,0,1,4
2018-01-16,213.0,213.0,210.0,212.0,2422200.0,10.0,1,1,0,0,1,4
2018-01-17,210.0,213.0,209.0,213.0,3651800.0,8.0,1,1,0,2,1,4
2018-01-18,213.0,213.0,211.0,213.0,3105700.0,8.0,1,1,2,0,1,4
2018-01-19,211.0,212.0,208.0,212.0,6755300.0,6.0,1,1,0,0,1,4
2018-01-22,210.0,211.0,209.0,211.0,2352700.0,4.0,1,1,0,0,1,4
2018-01-23,212.0,215.0,211.0,215.0,5038200.0,7.0,1,1,0,0,1,4
2018-01-24,215.0,216.0,213.0,215.0,4809500.0,9.0,1,1,0,0,1,4
2018-01-25,215.0,217.0,211.0,211.0,5657900.0,3.0,1,1,0,0,0,4
2018-01-26,210.0,211.0,206.0,210.0,8436400.0,1.0,2,1,0,0,0,4
2018-01-29,212.0,212.0,209.0,209.0,2998800.0,-3.0,2,1,0,0,0,4
2018-01-30,210.0,210.0,207.0,207.0,5740300.0,-5.0,2,1,1,0,0,4
2018-01-31,207.0,209.0,206.0,207.0,3031800.0,-6.0,2,1,0,0,2,4
2018-02-01,207.0,210.0,207.0,208.0,4652000.0,-5.0,2,1,1,0,2,4
2018-02-02,209.0,210.0,207.0,210.0,3207100.0,-2.0,2,1,0,0,0,4
2018-02-05,206.0,209.0,205.0,208.0,4487400.0,-3.0,2,1,1,0,0,4
2018-02-06,206.0,207.0,201.0,206.0,9104900.0,-9.0,2,1,0,0,0,4
2018-02-07,209.0,210.0,204.0,204.0,3735100.0,-11.0,2,1,1,0,2,4
2018-02-08,204.0,207.0,204.0,206.0,2149500.0,-5.0,2,1,1,0,0,4
2018-02-09,203.0,208.0,203.0,208.0,4265500.0,-2.0,2,1,0,0,0,4
2018-02-12,208.0,208.0,205.0,206.0,2607500.0,-3.0,2,1,0,0,0,4
2018-02-13,206.0,207.0,205.0,205.0,3061900.0,-2.0,2,1,0,0,0,4
2018-02-14,205.0,207.0,205.0,206.0,2067500.0,-1.0,2,1,0,0,0,4
2018-02-15,205.0,207.0,205.0,206.0,1948500.0,-2.0,2,1,0,0,0,4
2018-02-16,207.0,209.0,206.0,206.0,2205400.0,-4.0,2,1,0,0,0,4
2018-02-19,207.0,208.0,207.0,208.0,791400.0,0.0,2,1,0,0,0,4
2018-02-20,206.0,207.0,205.0,205.0,1453100.0,-1.0,2,1,0,0,0,4
2018-02-21,206.0,207.0,205.0,206.0,1348400.0,2.0,2,1,0,0,0,4
2018-02-22,206.0,206.0,204.0,206.0,1616700.0,0.0,2,1,1,0,0,4
2018-02-23,205.0,207.0,204.0,206.0,1577500.0,-2.0,2,1,0,0,0,4
2018-02-26,206.0,208.0,205.0,208.0,1935800.0,2.0,1,1,2,0,0,4
2018-02-27,209.0,214.0,208.0,210.0,8793300.0,5.0,1,1,0,0,0,4
2018-02-28,210.0,213.0,209.0,211.0,5181600.0,5.0,1,1,0,0,0,4
2018-03-02,209.0,211.0,208.0,210.0,2677000.0,4.0,1,1,2,0,0,4
2018-03-05,209.0,211.0,207.0,208.0,2171300.0,2.0,1,1,0,0,0,4
2018-03-06,208.0,208.0,208.0,208.0,253100.0,0.0,1,1,0,0,0,4
2018-03-07,208.0,209.0,206.0,206.0,2533900.0,1.0,1,1,0,0,0,4
2018-03-08,207.0,209.0,206.0,209.0,2262700.0,3.0,1,1,0,0,0,4
2018-03-09,210.0,210.0,208.0,210.0,2036000.0,4.0,1,1,0,0,0,4
2018-03-12,211.0,211.0,209.0,211.0,2779500.0,5.0,1,1,2,0,0,3
2018-03-13,211.0,212.0,208.0,209.0,2352300.0,1.0,1,1,0,0,0,4
2018-03-14,209.0,210.0,209.0,209.0,1488600.0,-1.0,1,1,0,0,0,3
2018-03-15,209.0,210.0,208.0,210.0,2350900.0,-1.0,1,1,0,0,0,3
2018-03-16,210.0,210.0,209.0,209.0,1510400.0,-1.0,1,1,0,0,0,3
2018-03-19,209.0,210.0,208.0,208.0,964200.0,0.0,2,1,0,0,0,3
2018-03-20,208.0,208.0,206.0,206.0,2182300.0,-2.0,2,1,0,0,2,3
2018-03-21,208.0,208.0,203.0,203.0,5864800.0,-3.0,2,1,0,0,2,3
2018-03-22,204.0,204.0,202.0,204.0,2613200.0,-5.0,2,2,0,0,0,3
2018-03-23,202.0,203.0,201.0,202.0,3544100.0,-8.0,2,2,0,0,2,3
2018-03-26,202.0,204.0,199.5,200.0,4270500.0,-11.0,2,2,0,0,2,3
2018-03-27,203.0,207.0,202.0,202.0,30914900.0,-7.0,2,2,0,0,0,4
2018-03-28,202.0,204.0,200.0,202.0,11794100.0,-7.0,2,2,1,0,0,4
2018-03-29,200.0,201.0,198.0,198.0,11869800.0,-12.0,2,2,0,0,2,4
2018-03-30,198.5,199.0,195.0,197.0,5345200.0,-12.0,2,2,0,1,2,4
2018-04-02,197.0,199.5,196.5,199.5,3714200.0,-8.5,2,2,1,0,0,4
2018-04-03,199.5,201.0,198.0,198.5,4978500.0,-7.5,2,2,0,0,0,4
2018-04-04,199.5,199.5,187.5,188.5,15671300.0,-14.5,2,2,0,0,2,4
2018-04-05,191.0,191.5,188.5,189.0,7180300.0,-15.0,2,2,0,0,2,4
2018-04-09,189.0,194.0,188.5,193.0,5913000.0,-9.0,2,2,0,0,0,4
2018-04-10,194.5,196.0,193.5,194.5,5818500.0,-5.5,2,2,0,0,0,4
2018-04-11,196.0,199.5,196.0,197.5,4711900.0,-4.5,2,2,0,0,0,4
2018-04-12,198.5,198.5,195.5,197.0,2699100.0,-5.0,2,2,0,0,0,4
2018-04-17,198.5,201.0,197.5,201.0,4226700.0,3.0,1,2,0,0,0,4
2018-04-18,202.0,205.0,201.0,205.0,4986800.0,8.0,1,2,0,0,1,4
2018-04-19,205.0,206.0,199.5,201.0,5309100.0,1.5,1,2,2,0,0,5
2018-04-20,201.0,203.0,199.5,203.0,6595300.0,4.5,1,2,2,0,1,5
2018-04-23,197.5,198.5,196.0,196.0,4642800.0,7.5,1,2,0,0,0,5
2018-04-24,195.5,195.5,190.0,191.0,4735100.0,2.0,1,2,1,0,2,5
2018-04-25,190.0,191.5,189.0,191.5,5483000.0,-1.5,2,2,1,0,0,5
2018-04-26,192.0,193.5,191.5,192.5,3016500.0,-2.0,2,2,0,0,0,5
2018-04-27,193.0,194.5,191.0,194.5,3934600.0,-3.0,2,2,0,0,0,5
2018-04-30,195.0,195.0,193.0,193.0,2009900.0,-4.0,2,2,0,0,0,4
2018-05-02,193.0,195.0,192.5,195.0,2494700.0,-6.0,2,2,0,0,0,4
2018-05-03,194.5,195.0,192.0,194.0,3585600.0,-11.0,1,2,0,0,0,4
2018-05-04,193.0,193.0,191.0,191.0,3422700.0,-10.0,2,2,0,0,2,4
2018-05-07,191.5,192.0,188.0,189.0,4106600.0,-14.0,2,2,1,0,2,4
2018-05-08,190.0,191.5,189.0,191.5,5843300.0,-4.5,2,2,0,0,2,4
2018-05-09,191.5,191.5,184.5,188.0,9326500.0,-3.0,2,2,0,0,2,4
2018-05-10,186.5,187.0,185.5,187.0,3162000.0,-4.5,2,2,0,0,2,4
2018-05-11,187.5,190.5,187.5,190.0,5735100.0,-2.5,2,2,0,0,0,4
2018-05-14,191.0,192.5,190.5,192.0,3914000.0,-2.5,2,2,0,0,0,4
2018-05-15,192.0,192.0,190.5,191.5,980200.0,-1.5,1,2,0,0,0,4
2018-05-16,190.5,192.0,190.0,191.0,1546200.0,-4.0,1,2,0,0,0,4
2018-05-17,190.5,191.0,187.0,187.0,2705200.0,-7.0,1,2,1,0,0,4
2018-05-18,188.0,189.0,187.5,188.5,1942400.0,-2.5,1,2,0,0,0,4
2018-05-21,189.0,194.0,189.0,193.5,3604300.0,4.5,1,2,0,0,1,4
2018-05-22,194.0,194.5,192.5,194.0,5752100.0,2.5,1,2,0,0,1,4
2018-05-23,195.0,195.0,193.0,193.5,3542600.0,5.5,1,2,0,0,1,4
2018-05-24,193.5,193.5,192.0,192.0,2650700.0,5.0,1,2,0,0,0,4
2018-05-25,193.0,194.0,191.0,193.5,2746300.0,3.5,1,2,0,0,1,4
2018-05-28,193.5,196.5,193.0,195.5,3776000.0,3.5,1,2,0,0,1,4
2018-05-30,192.0,193.5,190.5,192.5,5186400.0,1.0,1,2,0,0,0,4
2018-05-31,191.5,192.0,189.0,189.0,8078000.0,-2.0,1,2,0,0,0,4
2018-06-01,189.5,191.0,188.5,189.5,5284200.0,2.5,1,2,1,0,0,4
2018-06-04,189.0,190.5,188.5,189.5,4194000.0,1.0,1,2,0,0,0,4
2018-06-05,190.0,195.0,189.5,195.0,7852700.0,1.5,1,2,0,0,1,4
2018-06-06,195.5,196.0,194.0,194.5,3815800.0,0.5,1,2,2,0,0,4
2018-06-07,196.0,197.5,194.5,195.0,7001300.0,1.5,1,2,0,0,0,4
2018-06-08,194.5,196.0,194.0,195.5,3787900.0,3.5,1,2,2,0,0,4
2018-06-11,195.5,196.5,193.5,196.5,2369900.0,3.0,1,2,2,0,1,4
2018-06-12,197.0,198.5,196.0,198.0,5892300.0,2.5,1,2,0,0,1,4
2018-06-13,198.0,198.5,197.0,198.0,3621100.0,5.5,1,1,0,0,1,3
2018-06-14,198.0,199.5,195.5,199.5,6524800.0,10.5,1,1,2,0,1,4
2018-06-15,198.0,201.0,197.5,199.5,7781300.0,10.0,1,1,0,0,1,4
2018-06-18,198.5,199.0,197.5,197.5,2665500.0,8.0,1,1,0,0,0,3
2018-06-19,195.5,197.5,191.5,195.0,7075700.0,0.0,1,1,0,0,0,4
2018-06-20,195.5,197.0,193.5,197.0,3907700.0,2.5,1,1,0,0,0,4
2018-06-21,198.0,198.0,193.0,195.0,4309300.0,0.0,1,1,0,0,0,4
2018-06-22,195.0,195.0,192.5,192.5,4590800.0,-3.0,2,1,1,0,0,4
2018-06-25,192.0,193.5,191.5,192.5,1799000.0,-4.0,2,2,0,0,2,4
2018-06-26,191.5,194.5,190.5,193.5,4440200.0,-4.5,2,2,1,0,0,4
2018-06-27,194.0,195.5,193.5,194.5,3547000.0,-3.5,2,2,0,0,0,4
2018-06-28,194.5,196.0,193.0,194.5,4083400.0,-5.0,2,2,0,0,0,4
2018-06-29,195.5,196.0,193.5,195.5,3368800.0,-4.0,2,2,0,0,0,4
2018-07-02,195.5,197.0,193.5,197.0,2139900.0,-0.5,2,2,0,0,0,4
2018-07-03,197.0,197.0,195.0,196.0,2269800.0,1.0,2,2,0,0,0,4
2018-07-04,195.5,198.5,195.5,196.0,5948000.0,-1.0,1,1,0,0,0,4
2018-07-05,196.5,198.0,194.5,194.5,3712200.0,-0.5,2,2,0,0,0,4
2018-07-06,194.5,197.5,194.5,197.0,3119900.0,4.5,1,1,2,0,1,4
2018-07-09,197.5,198.5,196.0,197.0,3584700.0,4.5,1,1,0,0,1,4
2018-07-10,197.0,198.0,195.5,197.5,3181200.0,4.0,1,1,2,0,1,4
2018-07-11,194.0,197.5,194.0,196.0,2995900.0,1.5,1,1,0,0,0,4
2018-07-12,195.5,196.5,192.5,193.0,6810400.0,-1.5,2,1,0,0,0,4
2018-07-13,193.5,195.0,192.5,193.0,3866100.0,-2.5,2,2,1,0,0,4
2018-07-16,192.5,193.5,192.5,193.0,2467000.0,-4.0,2,2,0,0,2,3
2018-07-17,193.0,195.5,193.0,194.0,6337100.0,-2.0,2,2,0,0,0,3
2018-07-18,194.5,195.5,194.0,194.0,4056100.0,-2.0,2,2,0,0,0,3
2018-07-19,194.5,195.0,193.0,193.0,4356500.0,-1.5,2,2,1,0,2,3
2018-07-20,196.0,198.5,195.5,197.5,16987900.0,0.5,2,2,2,0,1,3
2018-07-23,199.5,203.0,199.5,202.0,9426800.0,5.0,1,1,0,0,1,4
2018-07-24,203.0,205.0,201.0,205.0,7310000.0,7.5,1,1,0,0,1,4
2018-07-25,205.0,206.0,203.0,203.0,5521600.0,7.0,1,1,0,0,0,4
2018-07-26,205.0,205.0,202.0,204.0,2821300.0,11.0,1,1,0,0,1,4
2018-07-31,205.0,207.0,203.0,206.0,8364400.0,13.0,1,1,0,0,1,4
2018-08-01,206.0,206.0,204.0,206.0,4199300.0,13.0,1,1,2,0,1,4
2018-08-02,205.0,206.0,202.0,203.0,3557200.0,9.0,1,1,0,0,0,4
2018-08-03,204.0,206.0,203.0,205.0,2207000.0,11.0,1,1,0,2,1,4
2018-08-06,206.0,207.0,204.0,205.0,3537000.0,12.0,1,1,0,2,1,4
2018-08-07,206.0,207.0,204.0,206.0,3068500.0,8.5,1,1,0,2,1,4
2018-08-08,206.0,208.0,205.0,206.0,3724300.0,4.0,1,1,0,0,1,4
2018-08-09,207.0,209.0,206.0,208.0,4093900.0,3.0,1,1,2,0,1,4
2018-08-10,208.0,208.0,206.0,206.0,3399500.0,3.0,1,1,2,0,0,4
2018-08-14,205.0,206.0,203.0,204.0,3254800.0,0.0,1,1,0,0,0,4
2018-08-15,203.0,203.0,201.0,201.0,3437900.0,-5.0,2,1,0,0,2,4
2018-08-16,202.0,205.0,202.0,204.0,3436900.0,-2.0,2,1,0,0,0,4
2018-08-17,205.0,206.0,204.0,205.0,2811800.0,2.0,2,1,0,0,0,4
2018-08-20,206.0,207.0,205.0,206.0,2157800.0,1.0,2,1,0,0,0,3
2018-08-21,207.0,208.0,204.0,206.0,4650600.0,1.0,2,1,0,0,0,4
2018-08-22,206.0,208.0,205.0,207.0,2589300.0,1.0,2,1,0,0,0,4
2018-08-23,208.0,208.0,206.0,207.0,1986500.0,1.0,2,1,2,0,0,3
2018-08-24,206.0,208.0,206.0,207.0,1588800.0,-1.0,2,1,0,0,0,3
2018-08-27,209.0,210.0,208.0,210.0,3349800.0,4.0,1,1,0,0,1,3
2018-08-28,211.0,211.0,209.0,209.0,2607500.0,5.0,1,1,0,0,0,3
2018-08-29,210.0,210.0,207.0,207.0,2264300.0,6.0,2,1,0,0,0,3
2018-08-30,208.0,209.0,206.0,206.0,1960400.0,2.0,2,1,0,0,0,3
2018-08-31,206.0,207.0,204.0,205.0,4294100.0,0.0,2,1,0,0,0,3
2018-09-03,205.0,207.0,205.0,206.0,3020800.0,0.0,2,1,0,0,0,3
2018-09-04,206.0,207.0,204.0,205.0,2915400.0,-1.0,2,1,0,0,0,3
2018-09-05,204.0,205.0,203.0,204.0,3047400.0,-3.0,2,1,0,0,2,3
2018-09-06,204.0,206.0,204.0,205.0,4273600.0,-2.0,2,1,1,0,0,3
2018-09-07,205.0,205.0,202.0,202.0,3560800.0,-5.0,2,1,0,0,2,3
2018-09-10,202.0,203.0,201.0,202.0,3666300.0,-8.0,2,1,0,0,2,3
2018-09-11,202.0,204.0,201.0,202.0,3482500.0,-7.0,2,1,1,0,2,3
2018-09-12,200.0,202.0,199.0,201.0,3214200.0,-6.0,2,1,0,0,2,3
2018-09-13,204.0,210.0,203.0,209.0,9853400.0,3.0,2,1,0,0,1,4
2018-09-14,209.0,212.0,209.0,209.0,5871800.0,4.0,2,1,0,0,0,4
2018-09-17,207.0,210.0,207.0,209.0,3928800.0,3.0,1,1,2,0,0,4
2018-09-18,209.0,214.0,208.0,213.0,6612900.0,8.0,1,1,0,0,1,4
2018-09-19,213.0,214.0,211.0,211.0,3876600.0,7.0,1,1,0,0,0,4
2018-09-20,211.0,212.0,207.0,208.0,5944000.0,3.0,1,1,0,0,0,4
2018-09-21,209.0,210.0,208.0,208.0,7370600.0,6.0,1,1,0,0,0,4
2018-09-24,208.0,212.0,208.0,211.0,5739500.0,9.0,1,1,0,0,0,4
2018-09-25,211.0,212.0,210.0,211.0,2502700.0,9.0,1,1,0,0,0,4
2018-09-26,211.0,212.0,209.0,211.0,3418800.0,10.0,1,1,0,0,0,4
2018-09-27,211.0,212.0,208.0,212.0,3517300.0,3.0,1,1,0,0,1,4
2018-09-28,212.0,213.0,209.0,210.0,4586500.0,1.0,1,1,0,0,0,4
2018-10-01,211.0,212.0,209.0,210.0,2061400.0,1.0,1,1,0,0,0,4
2018-10-02,209.0,211.0,207.0,209.0,4142500.0,-4.0,2,1,0,0,0,4
2018-10-03,209.0,210.0,208.0,208.0,1568000.0,-3.0,2,1,1,0,2,4
2018-10-04,208.0,210.0,207.0,208.0,3260600.0,0.0,2,1,1,0,2,4
2018-10-05,208.0,210.0,208.0,210.0,1567900.0,2.0,2,1,0,0,0,4
2018-10-08,210.0,211.0,208.0,208.0,2716400.0,-3.0,2,1,0,0,2,4
2018-10-09,208.0,211.0,207.0,210.0,4497500.0,-1.0,2,1,0,0,0,4
2018-10-10,211.0,212.0,210.0,212.0,2627200.0,1.0,2,1,2,0,1,4
2018-10-11,208.0,210.0,206.0,208.0,7375000.0,-4.0,2,1,0,0,0,4
2018-10-12,209.0,210.0,208.0,210.0,4398600.0,0.0,2,1,0,0,0,4
2018-10-16,210.0,212.0,209.0,212.0,4130700.0,2.0,2,1,2,0,1,4
2018-10-17,213.0,214.0,212.0,213.0,4544400.0,4.0,1,1,0,0,1,4
2018-10-18,213.0,213.0,211.0,213.0,2942400.0,5.0,1,1,0,0,1,4
2018-10-19,212.0,213.0,210.0,211.0,4360100.0,3.0,1,1,0,0,0,4
2018-10-22,211.0,211.0,210.0,210.0,1609300.0,0.0,2,1,0,0,0,3
2018-10-24,208.0,211.0,208.0,209.0,5891000.0,1.0,2,1,0,0,0,3
2018-10-25,208.0,209.0,204.0,207.0,9189400.0,-3.0,2,1,0,0,0,4
2018-10-26,208.0,208.0,206.0,206.0,3717700.0,-6.0,2,1,0,0,0,3
2018-10-29,206.0,209.0,205.0,206.0,4157700.0,-2.0,2,1,1,0,0,4
2018-10-30,206.0,209.0,205.0,207.0,2340900.0,-3.0,2,1,1,0,0,4
2018-10-31,207.0,209.0,207.0,207.0,3746800.0,-5.0,2,1,0,0,0,4
2018-11-01,208.0,212.0,208.0,212.0,4925600.0,-1.0,2,1,0,0,0,4
2018-11-02,213.0,215.0,211.0,214.0,6481000.0,1.0,1,1,2,0,1,4
2018-11-05,212.0,216.0,212.0,214.0,4290200.0,3.0,1,1,2,0,1,4
2018-11-06,215.0,216.0,215.0,216.0,1592500.0,6.0,1,1,0,0,1,4
2018-11-07,216.0,217.0,214.0,215.0,3889500.0,6.0,1,1,2,0,1,4
2018-11-08,217.0,218.0,214.0,215.0,3647900.0,8.0,1,1,2,0,0,4
2018-11-09,213.0,215.0,213.0,214.0,2621600.0,8.0,1,1,0,0,0,4
2018-11-12,214.0,215.0,211.0,212.0,2887900.0,6.0,1,1,0,0,0,4
2018-11-13,212.0,216.0,211.0,213.0,4626200.0,6.0,1,1,0,0,0,4
2018-11-14,212.0,214.0,209.0,210.0,4994800.0,3.0,2,1,0,0,0,4
2018-11-15,211.0,212.0,209.0,210.0,3858000.0,-2.0,2,1,0,0,0,4
2018-11-16,210.0,211.0,209.0,210.0,2366300.0,-4.0,2,1,0,0,0,4
2018-11-19,210.0,210.0,206.0,206.0,3466400.0,-8.0,2,1,0,0,2,4
2018-11-20,205.0,206.0,203.0,205.0,5052700.0,-11.0,2,1,0,0,2,4
2018-11-21,203.0,208.0,202.0,207.0,4244700.0,-8.0,2,2,0,0,0,4
2018-11-22,208.0,209.0,206.0,207.0,1964300.0,-8.0,2,2,1,0,0,4
2018-11-23,207.0,208.0,204.0,205.0,4462000.0,-9.0,2,2,1,0,2,4
2018-11-26,206.0,209.0,205.0,209.0,1292200.0,-3.0,2,2,0,0,0,4
2018-11-27,209.0,210.0,208.0,210.0,2498700.0,-3.0,2,2,0,0,0,4
2018-11-28,210.0,211.0,207.0,207.0,2504400.0,-3.0,2,2,0,0,0,4
2018-11-29,208.0,210.0,206.0,206.0,2561200.0,-4.0,2,2,0,0,0,4
2018-11-30,207.0,210.0,205.0,208.0,3535300.0,-2.0,2,2,0,0,0,4
2018-12-03,210.0,212.0,209.0,210.0,4022400.0,4.0,2,2,2,0,0,4
2018-12-04,210.0,212.0,210.0,211.0,2160000.0,6.0,1,2,0,0,1,4
2018-12-06,208.0,210.0,207.0,209.0,2981700.0,2.0,1,2,0,0,0,4
2018-12-07,208.0,210.0,206.0,207.0,5887100.0,0.0,1,2,0,0,0,4
2018-12-11,206.0,208.0,206.0,206.0,4312000.0,1.0,2,2,0,0,0,4
2018-12-12,208.0,208.0,206.0,206.0,4189100.0,-3.0,2,2,0,0,0,4
2018-12-13,207.0,209.0,207.0,209.0,3512700.0,-1.0,2,2,0,0,0,4
2018-12-14,208.0,209.0,205.0,207.0,3985800.0,0.0,2,2,0,0,0,4
2018-12-17,207.0,208.0,204.0,206.0,3735400.0,0.0,2,2,0,0,0,4
2018-12-18,204.0,205.0,202.0,205.0,5320100.0,-3.0,2,2,0,0,0,4
2018-12-19,205.0,208.0,204.0,208.0,5374700.0,-2.0,2,2,0,0,0,4
2018-12-20,206.0,207.0,204.0,206.0,2784400.0,-5.0,2,2,1,0,0,4
2018-12-21,205.0,207.0,204.0,207.0,3692100.0,-2.0,2,2,0,0,0,4
2018-12-24,205.0,207.0,205.0,206.0,2224500.0,-1.0,2,2,0,0,0,4
2018-12-25,204.0,205.0,199.0,203.0,3581000.0,-3.0,2,2,0,0,0,4
2018-12-26,201.0,203.0,200.0,202.0,1666100.0,-4.0,2,2,0,0,0,4
2018-12-27,205.0,205.0,199.0,199.0,3282400.0,-10.0,2,2,0,0,2,4
2018-12-28,200.0,204.0,200.0,203.0,2910900.0,-4.0,2,2,1,0,0,4
2019-01-02,204.0,205.0,203.0,203.0,1346200.0,-3.0,2,2,0,0,0,4
2019-01-03,204.0,206.0,204.0,205.0,2984500.0,0.0,2,2,0,0,0,4
2019-01-04,204.0,205.0,201.0,203.0,4970100.0,-5.0,2,2,0,0,0,4
2019-01-07,205.0,208.0,204.0,208.0,2151400.0,2.0,1,2,2,0,1,4
2019-01-08,207.0,208.0,206.0,207.0,1214600.0,0.0,1,2,2,0,1,4
2019-01-09,208.0,210.0,207.0,208.0,3202600.0,2.0,1,2,0,0,1,4
2019-01-10,207.0,209.0,205.0,205.0,3743600.0,2.0,1,2,0,0,0,4
2019-01-11,206.0,207.0,205.0,206.0,1395100.0,4.0,1,2,0,0,0,4
2019-01-14,206.0,208.0,205.0,208.0,2113000.0,9.0,1,2,0,0,1,4
2019-01-15,207.0,208.0,205.0,206.0,1893400.0,3.0,1,2,0,0,0,4
2019-01-16,206.0,207.0,205.0,206.0,3600700.0,3.0,1,2,0,0,0,4
2019-01-17,205.0,207.0,202.0,203.0,4795100.0,-2.0,1,2,0,0,0,4
2019-01-18,203.0,203.0,198.0,199.5,9919800.0,-3.5,2,2,0,0,2,4
2019-01-21,203.0,205.0,202.0,205.0,6392400.0,-3.0,2,2,0,0,0,4
2019-01-22,205.0,209.0,204.0,208.0,5689400.0,1.0,1,2,0,0,1,4
2019-01-23,209.0,212.0,208.0,210.0,6018100.0,2.0,1,2,0,0,1,4
2019-01-24,211.0,212.0,210.0,212.0,3477900.0,7.0,1,1,0,0,1,4
2019-01-25,213.0,214.0,209.0,209.0,5884000.0,3.0,1,1,0,0,0,4
2019-01-28,209.0,211.0,208.0,210.0,2651700.0,2.0,1,1,2,0,0,4
2019-01-29,210.0,212.0,209.0,212.0,2548200.0,6.0,1,1,2,0,1,4
2019-01-30,211.0,212.0,209.0,211.0,2952600.0,5.0,1,1,2,0,1,4
2019-01-31,213.0,215.0,212.0,215.0,4174900.0,12.0,1,1,0,0,1,4
2019-02-01,215.0,216.0,214.0,215.0,2880400.0,15.5,1,1,0,0,1,4
2019-02-04,215.0,216.0,213.0,213.0,3394300.0,8.0,1,1,2,0,1,4
2019-02-05,212.0,214.0,212.0,213.0,1436300.0,5.0,1,1,0,0,1,4
2019-02-06,213.0,214.0,212.0,213.0,1358100.0,3.0,1,1,0,0,1,4
